Workbook

Sheet Upload Format
A1: RANGKUMAN HASIL WEB SURVEY (CS SURVEY BY WEB) | N1: COPY PASTE VALUE HERE | Q1: DATA ON THOSE COLUMN WILL BE UPLOADED
A3: No | B3: FU type | C3: Notif / Job Order | D3: Q1 point | E3: Q1 remark | F3: Q2 point | G3: Q2 remark | H3: Q3 point | I3: Q3 remark | J3: Q4 point | K3: Datetime submission | N3: No | O3: FU type | P3: Notif / Job Order | Q3: Q1 point | R3: Q1 remark | S3: Q2 point | T3: Q2 remark | U3: Q3 point | V3: Q3 remark | W3: Q4 point | X3: Datetime submission
A4: =IF(B4="","",ROW()-COUNTBLANK($B$4:B4)-3) -> 1 | B4: ='web survey'!C2 -> FU-ACInstall | C4: ='web survey'!AA2 -> TBS13A2400330 | D4: =IF(B4="FU-ACInstall",VLOOKUP(VALUE('web survey'!D2),ref!$B$6:$C$7,2,0)&" ("&'web survey'!D2&")",VLOOKUP(VALUE('web survey'!D2),ref!$E$6:$F$10,2,0)&" ("&'web survey'!D2&")") -> Yes, There is installation (10) | E4: ='web survey'!S2 | F4: =IF(B4="FU-ACInstall",VLOOKUP(VALUE('web survey'!E2),ref!$B$10:$C$12,2,0)&" ("&'web survey'!E2&")",VLOOKUP(VALUE('web survey'!E2),ref!$E$13:$F$17,2,0)&" ("&'web survey'!E2&")") -> Good (10) | G4: ='web survey'!T2 | H4: =IF(B4="FU-ACInstall",VLOOKUP(VALUE('web survey'!F2),ref!$B$15:$C$17,2,0)&" ("&'web survey'!F2&")",VLOOKUP(VALUE('web survey'!F2),ref!$E$20:$F$21,2,0)&" ("&'web survey'!F2&")") -> Good (10) | I4: ='web survey'!U2 | J4: =IF(B4="FU-ACInstall","-",VLOOKUP(VALUE('web survey'!G2),ref!$E$24:$F$26,2,0)&" ("&'web survey'!G2&")") -> - | K4: =YEAR('web survey'!Z2)&"-"&IF(MONTH('web survey'!Z2)<10,"0"&MONTH('web survey'!Z2),MONTH('web survey'!Z2))&"-"&IF(DAY('web survey'!Z2)<10,"0"&DAY('web survey'!Z2),DAY('web survey'!Z2))&" "&IF(HOUR('web survey'!Z2)<10,"0"&HOUR('web survey'!Z2),HOUR('web survey'!Z2))&":"&IF(MINUTE('web survey'!Z2)<10,"0"&MINUTE('web survey'!Z2),MINUTE('web survey'!Z2))&(":00'") -> 2024-08-21 16:53:00' | N4: 1 | O4: FU-ACInstall | P4: TBS13A2400330 | Q4: Yes, There is installation (10) | S4: Good (10) | U4: Good (10) | W4: - | X4: 21 Aug 2024 16:53
A5: =IF(B5="","",ROW()-COUNTBLANK($B$4:B5)-3) -> 2 | B5: ='web survey'!C3 -> FU-ACInstall | C5: ='web survey'!AA3 -> TBS13A2400333 | D5: =IF(B5="FU-ACInstall",VLOOKUP(VALUE('web survey'!D3),ref!$B$6:$C$7,2,0)&" ("&'web survey'!D3&")",VLOOKUP(VALUE('web survey'!D3),ref!$E$6:$F$10,2,0)&" ("&'web survey'!D3&")") -> Yes, There is installation (10) | E5: ='web survey'!S3 | F5: =IF(B5="FU-ACInstall",VLOOKUP(VALUE('web survey'!E3),ref!$B$10:$C$12,2,0)&" ("&'web survey'!E3&")",VLOOKUP(VALUE('web survey'!E3),ref!$E$13:$F$17,2,0)&" ("&'web survey'!E3&")") -> Good (10) | G5: ='web survey'!T3 | H5: =IF(B5="FU-ACInstall",VLOOKUP(VALUE('web survey'!F3),ref!$B$15:$C$17,2,0)&" ("&'web survey'!F3&")",VLOOKUP(VALUE('web survey'!F3),ref!$E$20:$F$21,2,0)&" ("&'web survey'!F3&")") -> Good (10) | I5: ='web survey'!U3 | J5: =IF(B5="FU-ACInstall","-",VLOOKUP(VALUE('web survey'!G3),ref!$E$24:$F$26,2,0)&" ("&'web survey'!G3&")") -> - | K5: =YEAR('web survey'!Z3)&"-"&IF(MONTH('web survey'!Z3)<10,"0"&MONTH('web survey'!Z3),MONTH('web survey'!Z3))&"-"&IF(DAY('web survey'!Z3)<10,"0"&DAY('web survey'!Z3),DAY('web survey'!Z3))&" "&IF(HOUR('web survey'!Z3)<10,"0"&HOUR('web survey'!Z3),HOUR('web survey'!Z3))&":"&IF(MINUTE('web survey'!Z3)<10,"0"&MINUTE('web survey'!Z3),MINUTE('web survey'!Z3))&(":00'") -> 2024-08-21 15:43:00' | N5: 2 | O5: FU-ACInstall | P5: TBS13A2400333 | Q5: Yes, There is installation (10) | S5: Good (10) | U5: Good (10) | W5: - | X5: 21 Aug 2024 15:43
A6: =IF(B6="","",ROW()-COUNTBLANK($B$4:B6)-3) -> 3 | B6: ='web survey'!C4 -> FU-ACInstall | C6: ='web survey'!AA4 -> EMT19A2400123 | D6: =IF(B6="FU-ACInstall",VLOOKUP(VALUE('web survey'!D4),ref!$B$6:$C$7,2,0)&" ("&'web survey'!D4&")",VLOOKUP(VALUE('web survey'!D4),ref!$E$6:$F$10,2,0)&" ("&'web survey'!D4&")") -> No installation from SHARP (-10) | E6: ='web survey'!S4 | F6: =IF(B6="FU-ACInstall",VLOOKUP(VALUE('web survey'!E4),ref!$B$10:$C$12,2,0)&" ("&'web survey'!E4&")",VLOOKUP(VALUE('web survey'!E4),ref!$E$13:$F$17,2,0)&" ("&'web survey'!E4&")") -> Spec Under Expectation (5) | G6: ='web survey'!T4 | H6: =IF(B6="FU-ACInstall",VLOOKUP(VALUE('web survey'!F4),ref!$B$15:$C$17,2,0)&" ("&'web survey'!F4&")",VLOOKUP(VALUE('web survey'!F4),ref!$E$20:$F$21,2,0)&" ("&'web survey'!F4&")") -> Poor (-10) | I6: ='web survey'!U4 | J6: =IF(B6="FU-ACInstall","-",VLOOKUP(VALUE('web survey'!G4),ref!$E$24:$F$26,2,0)&" ("&'web survey'!G4&")") -> - | K6: =YEAR('web survey'!Z4)&"-"&IF(MONTH('web survey'!Z4)<10,"0"&MONTH('web survey'!Z4),MONTH('web survey'!Z4))&"-"&IF(DAY('web survey'!Z4)<10,"0"&DAY('web survey'!Z4),DAY('web survey'!Z4))&" "&IF(HOUR('web survey'!Z4)<10,"0"&HOUR('web survey'!Z4),HOUR('web survey'!Z4))&":"&IF(MINUTE('web survey'!Z4)<10,"0"&MINUTE('web survey'!Z4),MINUTE('web survey'!Z4))&(":00'") -> 2024-08-21 15:30:00' | N6: 3 | O6: FU-ACInstall | P6: EMT19A2400123 | Q6: No installation from SHARP (-10) | S6: Spec Under Expectation (5) | U6: Poor (-10) | W6: - | X6: 21 Aug 2024 15:30
A7: =IF(B7="","",ROW()-COUNTBLANK($B$4:B7)-3) -> 4 | B7: ='web survey'!C5 -> FU-ACInstall | C7: ='web survey'!AA5 -> TBS13A2400337 | D7: =IF(B7="FU-ACInstall",VLOOKUP(VALUE('web survey'!D5),ref!$B$6:$C$7,2,0)&" ("&'web survey'!D5&")",VLOOKUP(VALUE('web survey'!D5),ref!$E$6:$F$10,2,0)&" ("&'web survey'!D5&")") -> Yes, There is installation (10) | E7: ='web survey'!S5 | F7: =IF(B7="FU-ACInstall",VLOOKUP(VALUE('web survey'!E5),ref!$B$10:$C$12,2,0)&" ("&'web survey'!E5&")",VLOOKUP(VALUE('web survey'!E5),ref!$E$13:$F$17,2,0)&" ("&'web survey'!E5&")") -> Good (10) | G7: ='web survey'!T5 | H7: =IF(B7="FU-ACInstall",VLOOKUP(VALUE('web survey'!F5),ref!$B$15:$C$17,2,0)&" ("&'web survey'!F5&")",VLOOKUP(VALUE('web survey'!F5),ref!$E$20:$F$21,2,0)&" ("&'web survey'!F5&")") -> Good (10) | I7: ='web survey'!U5 | J7: =IF(B7="FU-ACInstall","-",VLOOKUP(VALUE('web survey'!G5),ref!$E$24:$F$26,2,0)&" ("&'web survey'!G5&")") -> - | K7: =YEAR('web survey'!Z5)&"-"&IF(MONTH('web survey'!Z5)<10,"0"&MONTH('web survey'!Z5),MONTH('web survey'!Z5))&"-"&IF(DAY('web survey'!Z5)<10,"0"&DAY('web survey'!Z5),DAY('web survey'!Z5))&" "&IF(HOUR('web survey'!Z5)<10,"0"&HOUR('web survey'!Z5),HOUR('web survey'!Z5))&":"&IF(MINUTE('web survey'!Z5)<10,"0"&MINUTE('web survey'!Z5),MINUTE('web survey'!Z5))&(":00'") -> 2024-08-21 15:13:00' | N7: 4 | O7: FU-ACInstall | P7: TBS13A2400337 | Q7: Yes, There is installation (10) | S7: Good (10) | U7: Good (10) | W7: - | X7: 21 Aug 2024 15:13
A8: =IF(B8="","",ROW()-COUNTBLANK($B$4:B8)-3) -> 5 | B8: ='web survey'!C6 -> FU-Z1-Eng | C8: ='web survey'!AA6 -> 100891867 | D8: =IF(B8="FU-ACInstall",VLOOKUP(VALUE('web survey'!D6),ref!$B$6:$C$7,2,0)&" ("&'web survey'!D6&")",VLOOKUP(VALUE('web survey'!D6),ref!$E$6:$F$10,2,0)&" ("&'web survey'!D6&")") -> Good (10) | E8: ='web survey'!S6 | F8: =IF(B8="FU-ACInstall",VLOOKUP(VALUE('web survey'!E6),ref!$B$10:$C$12,2,0)&" ("&'web survey'!E6&")",VLOOKUP(VALUE('web survey'!E6),ref!$E$13:$F$17,2,0)&" ("&'web survey'!E6&")") -> Good (5) | G8: ='web survey'!T6 | H8: =IF(B8="FU-ACInstall",VLOOKUP(VALUE('web survey'!F6),ref!$B$15:$C$17,2,0)&" ("&'web survey'!F6&")",VLOOKUP(VALUE('web survey'!F6),ref!$E$20:$F$21,2,0)&" ("&'web survey'!F6&")") -> Different with SAP (-10) | I8: ='web survey'!U6 | J8: =IF(B8="FU-ACInstall","-",VLOOKUP(VALUE('web survey'!G6),ref!$E$24:$F$26,2,0)&" ("&'web survey'!G6&")") -> Jelas (5) | K8: =YEAR('web survey'!Z6)&"-"&IF(MONTH('web survey'!Z6)<10,"0"&MONTH('web survey'!Z6),MONTH('web survey'!Z6))&"-"&IF(DAY('web survey'!Z6)<10,"0"&DAY('web survey'!Z6),DAY('web survey'!Z6))&" "&IF(HOUR('web survey'!Z6)<10,"0"&HOUR('web survey'!Z6),HOUR('web survey'!Z6))&":"&IF(MINUTE('web survey'!Z6)<10,"0"&MINUTE('web survey'!Z6),MINUTE('web survey'!Z6))&(":00'") -> 2024-08-21 22:51:00' | N8: 5 | O8: FU-Z1-Eng | P8: 100891867 | Q8: Good (10) | S8: Good (5) | U8: Different with SAP (-10) | W8: Jelas (5) | X8: 21 Aug 2024 22:51
A9: =IF(B9="","",ROW()-COUNTBLANK($B$4:B9)-3) -> 6 | B9: ='web survey'!C7 -> FU-Z1-Eng | C9: ='web survey'!AA7 -> 203906108 | D9: =IF(B9="FU-ACInstall",VLOOKUP(VALUE('web survey'!D7),ref!$B$6:$C$7,2,0)&" ("&'web survey'!D7&")",VLOOKUP(VALUE('web survey'!D7),ref!$E$6:$F$10,2,0)&" ("&'web survey'!D7&")") -> Not Good (-10) | E9: ='web survey'!S7 | F9: =IF(B9="FU-ACInstall",VLOOKUP(VALUE('web survey'!E7),ref!$B$10:$C$12,2,0)&" ("&'web survey'!E7&")",VLOOKUP(VALUE('web survey'!E7),ref!$E$13:$F$17,2,0)&" ("&'web survey'!E7&")") -> Very Good (10) | G9: ='web survey'!T7 | H9: =IF(B9="FU-ACInstall",VLOOKUP(VALUE('web survey'!F7),ref!$B$15:$C$17,2,0)&" ("&'web survey'!F7&")",VLOOKUP(VALUE('web survey'!F7),ref!$E$20:$F$21,2,0)&" ("&'web survey'!F7&")") -> Appropriate with SAP / in Warranty (10) | I9: ='web survey'!U7 | J9: =IF(B9="FU-ACInstall","-",VLOOKUP(VALUE('web survey'!G7),ref!$E$24:$F$26,2,0)&" ("&'web survey'!G7&")") -> Jelas (5) | K9: =YEAR('web survey'!Z7)&"-"&IF(MONTH('web survey'!Z7)<10,"0"&MONTH('web survey'!Z7),MONTH('web survey'!Z7))&"-"&IF(DAY('web survey'!Z7)<10,"0"&DAY('web survey'!Z7),DAY('web survey'!Z7))&" "&IF(HOUR('web survey'!Z7)<10,"0"&HOUR('web survey'!Z7),HOUR('web survey'!Z7))&":"&IF(MINUTE('web survey'!Z7)<10,"0"&MINUTE('web survey'!Z7),MINUTE('web survey'!Z7))&(":00'") -> 2024-08-21 22:08:00' | N9: 6 | O9: FU-Z1-Eng | P9: 203906108 | Q9: Not Good (-10) | S9: Very Good (10) | U9: Appropriate with SAP / in Warranty (10) | W9: Jelas (5) | X9: 21 Aug 2024 22:08
A10: =IF(B10="","",ROW()-COUNTBLANK($B$4:B10)-3) -> 7 | B10: ='web survey'!C8 -> FU-Z1-Eng | C10: ='web survey'!AA8 -> 203909527 | D10: =IF(B10="FU-ACInstall",VLOOKUP(VALUE('web survey'!D8),ref!$B$6:$C$7,2,0)&" ("&'web survey'!D8&")",VLOOKUP(VALUE('web survey'!D8),ref!$E$6:$F$10,2,0)&" ("&'web survey'!D8&")") -> Good (10) | E10: ='web survey'!S8 | F10: =IF(B10="FU-ACInstall",VLOOKUP(VALUE('web survey'!E8),ref!$B$10:$C$12,2,0)&" ("&'web survey'!E8&")",VLOOKUP(VALUE('web survey'!E8),ref!$E$13:$F$17,2,0)&" ("&'web survey'!E8&")") -> Very Good (10) | G10: ='web survey'!T8 | H10: =IF(B10="FU-ACInstall",VLOOKUP(VALUE('web survey'!F8),ref!$B$15:$C$17,2,0)&" ("&'web survey'!F8&")",VLOOKUP(VALUE('web survey'!F8),ref!$E$20:$F$21,2,0)&" ("&'web survey'!F8&")") -> Appropriate with SAP / in Warranty (10) | I10: ='web survey'!U8 | J10: =IF(B10="FU-ACInstall","-",VLOOKUP(VALUE('web survey'!G8),ref!$E$24:$F$26,2,0)&" ("&'web survey'!G8&")") -> Jelas (5) | K10: =YEAR('web survey'!Z8)&"-"&IF(MONTH('web survey'!Z8)<10,"0"&MONTH('web survey'!Z8),MONTH('web survey'!Z8))&"-"&IF(DAY('web survey'!Z8)<10,"0"&DAY('web survey'!Z8),DAY('web survey'!Z8))&" "&IF(HOUR('web survey'!Z8)<10,"0"&HOUR('web survey'!Z8),HOUR('web survey'!Z8))&":"&IF(MINUTE('web survey'!Z8)<10,"0"&MINUTE('web survey'!Z8),MINUTE('web survey'!Z8))&(":00'") -> 2024-08-21 20:35:00' | N10: 7 | O10: FU-Z1-Eng | P10: 203909527 | Q10: Good (10) | S10: Very Good (10) | U10: Appropriate with SAP / in Warranty (10) | W10: Jelas (5) | X10: 21 Aug 2024 20:35
A11: =IF(B11="","",ROW()-COUNTBLANK($B$4:B11)-3) -> 8 | B11: ='web survey'!C9 -> FU-Z1-Eng | C11: ='web survey'!AA9 -> 100892750 | D11: =IF(B11="FU-ACInstall",VLOOKUP(VALUE('web survey'!D9),ref!$B$6:$C$7,2,0)&" ("&'web survey'!D9&")",VLOOKUP(VALUE('web survey'!D9),ref!$E$6:$F$10,2,0)&" ("&'web survey'!D9&")") -> Good (10) | E11: ='web survey'!S9 | F11: =IF(B11="FU-ACInstall",VLOOKUP(VALUE('web survey'!E9),ref!$B$10:$C$12,2,0)&" ("&'web survey'!E9&")",VLOOKUP(VALUE('web survey'!E9),ref!$E$13:$F$17,2,0)&" ("&'web survey'!E9&")") -> Very Good (10) | G11: ='web survey'!T9 | H11: =IF(B11="FU-ACInstall",VLOOKUP(VALUE('web survey'!F9),ref!$B$15:$C$17,2,0)&" ("&'web survey'!F9&")",VLOOKUP(VALUE('web survey'!F9),ref!$E$20:$F$21,2,0)&" ("&'web survey'!F9&")") -> Appropriate with SAP / in Warranty (10) | I11: ='web survey'!U9 | J11: =IF(B11="FU-ACInstall","-",VLOOKUP(VALUE('web survey'!G9),ref!$E$24:$F$26,2,0)&" ("&'web survey'!G9&")") -> Jelas (5) | K11: =YEAR('web survey'!Z9)&"-"&IF(MONTH('web survey'!Z9)<10,"0"&MONTH('web survey'!Z9),MONTH('web survey'!Z9))&"-"&IF(DAY('web survey'!Z9)<10,"0"&DAY('web survey'!Z9),DAY('web survey'!Z9))&" "&IF(HOUR('web survey'!Z9)<10,"0"&HOUR('web survey'!Z9),HOUR('web survey'!Z9))&":"&IF(MINUTE('web survey'!Z9)<10,"0"&MINUTE('web survey'!Z9),MINUTE('web survey'!Z9))&(":00'") -> 2024-08-21 20:34:00' | N11: 8 | O11: FU-Z1-Eng | P11: 100892750 | Q11: Good (10) | S11: Very Good (10) | U11: Appropriate with SAP / in Warranty (10) | W11: Jelas (5) | X11: 21 Aug 2024 20:34
A12: =IF(B12="","",ROW()-COUNTBLANK($B$4:B12)-3) -> 9 | B12: ='web survey'!C10 -> FU-Z1-Eng | C12: ='web survey'!AA10 -> 203909674 | D12: =IF(B12="FU-ACInstall",VLOOKUP(VALUE('web survey'!D10),ref!$B$6:$C$7,2,0)&" ("&'web survey'!D10&")",VLOOKUP(VALUE('web survey'!D10),ref!$E$6:$F$10,2,0)&" ("&'web survey'!D10&")") -> Good (10) | E12: ='web survey'!S10 | F12: =IF(B12="FU-ACInstall",VLOOKUP(VALUE('web survey'!E10),ref!$B$10:$C$12,2,0)&" ("&'web survey'!E10&")",VLOOKUP(VALUE('web survey'!E10),ref!$E$13:$F$17,2,0)&" ("&'web survey'!E10&")") -> Very Good (10) | G12: ='web survey'!T10 | H12: =IF(B12="FU-ACInstall",VLOOKUP(VALUE('web survey'!F10),ref!$B$15:$C$17,2,0)&" ("&'web survey'!F10&")",VLOOKUP(VALUE('web survey'!F10),ref!$E$20:$F$21,2,0)&" ("&'web survey'!F10&")") -> Appropriate with SAP / in Warranty (10) | I12: ='web survey'!U10 | J12: =IF(B12="FU-ACInstall","-",VLOOKUP(VALUE('web survey'!G10),ref!$E$24:$F$26,2,0)&" ("&'web survey'!G10&")") -> Jelas (5) | K12: =YEAR('web survey'!Z10)&"-"&IF(MONTH('web survey'!Z10)<10,"0"&MONTH('web survey'!Z10),MONTH('web survey'!Z10))&"-"&IF(DAY('web survey'!Z10)<10,"0"&DAY('web survey'!Z10),DAY('web survey'!Z10))&" "&IF(HOUR('web survey'!Z10)<10,"0"&HOUR('web survey'!Z10),HOUR('web survey'!Z10))&":"&IF(MINUTE('web survey'!Z10)<10,"0"&MINUTE('web survey'!Z10),MINUTE('web survey'!Z10))&(":00'") -> 2024-08-21 19:49:00' | N12: 9 | O12: FU-Z1-Eng | P12: 203909674 | Q12: Good (10) | S12: Very Good (10) | U12: Appropriate with SAP / in Warranty (10) | W12: Jelas (5) | X12: 21 Aug 2024 19:49
A13: =IF(B13="","",ROW()-COUNTBLANK($B$4:B13)-3) -> 10 | B13: ='web survey'!C11 -> FU-Z1-Eng | C13: ='web survey'!AA11 -> 100893725 | D13: =IF(B13="FU-ACInstall",VLOOKUP(VALUE('web survey'!D11),ref!$B$6:$C$7,2,0)&" ("&'web survey'!D11&")",VLOOKUP(VALUE('web survey'!D11),ref!$E$6:$F$10,2,0)&" ("&'web survey'!D11&")") -> Good (10) | E13: ='web survey'!S11 | F13: =IF(B13="FU-ACInstall",VLOOKUP(VALUE('web survey'!E11),ref!$B$10:$C$12,2,0)&" ("&'web survey'!E11&")",VLOOKUP(VALUE('web survey'!E11),ref!$E$13:$F$17,2,0)&" ("&'web survey'!E11&")") -> Good (5) | G13: ='web survey'!T11 | H13: =IF(B13="FU-ACInstall",VLOOKUP(VALUE('web survey'!F11),ref!$B$15:$C$17,2,0)&" ("&'web survey'!F11&")",VLOOKUP(VALUE('web survey'!F11),ref!$E$20:$F$21,2,0)&" ("&'web survey'!F11&")") -> Appropriate with SAP / in Warranty (10) | I13: ='web survey'!U11 | J13: =IF(B13="FU-ACInstall","-",VLOOKUP(VALUE('web survey'!G11),ref!$E$24:$F$26,2,0)&" ("&'web survey'!G11&")") -> Jelas (5) | K13: =YEAR('web survey'!Z11)&"-"&IF(MONTH('web survey'!Z11)<10,"0"&MONTH('web survey'!Z11),MONTH('web survey'!Z11))&"-"&IF(DAY('web survey'!Z11)<10,"0"&DAY('web survey'!Z11),DAY('web survey'!Z11))&" "&IF(HOUR('web survey'!Z11)<10,"0"&HOUR('web survey'!Z11),HOUR('web survey'!Z11))&":"&IF(MINUTE('web survey'!Z11)<10,"0"&MINUTE('web survey'!Z11),MINUTE('web survey'!Z11))&(":00'") -> 2024-08-21 19:45:00' | N13: 10 | O13: FU-Z1-Eng | P13: 100893725 | Q13: Good (10) | S13: Good (5) | U13: Appropriate with SAP / in Warranty (10) | W13: Jelas (5) | X13: 21 Aug 2024 19:45
A14: =IF(B14="","",ROW()-COUNTBLANK($B$4:B14)-3) -> 11 | B14: ='web survey'!C12 -> FU-Z1-Eng | C14: ='web survey'!AA12 -> 203906953 | D14: =IF(B14="FU-ACInstall",VLOOKUP(VALUE('web survey'!D12),ref!$B$6:$C$7,2,0)&" ("&'web survey'!D12&")",VLOOKUP(VALUE('web survey'!D12),ref!$E$6:$F$10,2,0)&" ("&'web survey'!D12&")") -> Good (10) | E14: ='web survey'!S12 | F14: =IF(B14="FU-ACInstall",VLOOKUP(VALUE('web survey'!E12),ref!$B$10:$C$12,2,0)&" ("&'web survey'!E12&")",VLOOKUP(VALUE('web survey'!E12),ref!$E$13:$F$17,2,0)&" ("&'web survey'!E12&")") -> Very Good (10) | G14: ='web survey'!T12 | H14: =IF(B14="FU-ACInstall",VLOOKUP(VALUE('web survey'!F12),ref!$B$15:$C$17,2,0)&" ("&'web survey'!F12&")",VLOOKUP(VALUE('web survey'!F12),ref!$E$20:$F$21,2,0)&" ("&'web survey'!F12&")") -> Appropriate with SAP / in Warranty (10) | I14: ='web survey'!U12 | J14: =IF(B14="FU-ACInstall","-",VLOOKUP(VALUE('web survey'!G12),ref!$E$24:$F$26,2,0)&" ("&'web survey'!G12&")") -> Jelas (5) | K14: =YEAR('web survey'!Z12)&"-"&IF(MONTH('web survey'!Z12)<10,"0"&MONTH('web survey'!Z12),MONTH('web survey'!Z12))&"-"&IF(DAY('web survey'!Z12)<10,"0"&DAY('web survey'!Z12),DAY('web survey'!Z12))&" "&IF(HOUR('web survey'!Z12)<10,"0"&HOUR('web survey'!Z12),HOUR('web survey'!Z12))&":"&IF(MINUTE('web survey'!Z12)<10,"0"&MINUTE('web survey'!Z12),MINUTE('web survey'!Z12))&(":00'") -> 2024-08-21 19:03:00' | N14: 11 | O14: FU-Z1-Eng | P14: 203906953 | Q14: Good (10) | S14: Very Good (10) | U14: Appropriate with SAP / in Warranty (10) | W14: Jelas (5) | X14: 21 Aug 2024 19:03
A15: =IF(B15="","",ROW()-COUNTBLANK($B$4:B15)-3) -> 12 | B15: ='web survey'!C13 -> FU-Z1-Eng | C15: ='web survey'!AA13 -> 100892571 | D15: =IF(B15="FU-ACInstall",VLOOKUP(VALUE('web survey'!D13),ref!$B$6:$C$7,2,0)&" ("&'web survey'!D13&")",VLOOKUP(VALUE('web survey'!D13),ref!$E$6:$F$10,2,0)&" ("&'web survey'!D13&")") -> Good (10) | E15: ='web survey'!S13 | F15: =IF(B15="FU-ACInstall",VLOOKUP(VALUE('web survey'!E13),ref!$B$10:$C$12,2,0)&" ("&'web survey'!E13&")",VLOOKUP(VALUE('web survey'!E13),ref!$E$13:$F$17,2,0)&" ("&'web survey'!E13&")") -> Very Good (10) | G15: ='web survey'!T13 | H15: =IF(B15="FU-ACInstall",VLOOKUP(VALUE('web survey'!F13),ref!$B$15:$C$17,2,0)&" ("&'web survey'!F13&")",VLOOKUP(VALUE('web survey'!F13),ref!$E$20:$F$21,2,0)&" ("&'web survey'!F13&")") -> Appropriate with SAP / in Warranty (10) | I15: ='web survey'!U13 | J15: =IF(B15="FU-ACInstall","-",VLOOKUP(VALUE('web survey'!G13),ref!$E$24:$F$26,2,0)&" ("&'web survey'!G13&")") -> Jelas (5) | K15: =YEAR('web survey'!Z13)&"-"&IF(MONTH('web survey'!Z13)<10,"0"&MONTH('web survey'!Z13),MONTH('web survey'!Z13))&"-"&IF(DAY('web survey'!Z13)<10,"0"&DAY('web survey'!Z13),DAY('web survey'!Z13))&" "&IF(HOUR('web survey'!Z13)<10,"0"&HOUR('web survey'!Z13),HOUR('web survey'!Z13))&":"&IF(MINUTE('web survey'!Z13)<10,"0"&MINUTE('web survey'!Z13),MINUTE('web survey'!Z13))&(":00'") -> 2024-08-21 18:56:00' | N15: 12 | O15: FU-Z1-Eng | P15: 100892571 | Q15: Good (10) | S15: Very Good (10) | U15: Appropriate with SAP / in Warranty (10) | W15: Jelas (5) | X15: 21 Aug 2024 18:56
... A30: =IF(B30="","",ROW()-COUNTBLANK($B$4:B30)-3) -> 27 | B30: ='web survey'!C28 -> FU-Z1-Eng | C30: ='web survey'!AA28 -> 203905676 | D30: =IF(B30="FU-ACInstall",VLOOKUP(VALUE('web survey'!D28),ref!$B$6:$C$7,2,0)&" ("&'web survey'!D28&")",VLOOKUP(VALUE('web survey'!D28),ref!$E$6:$F$10,2,0)&" ("&'web survey'!D28&")") -> Good (10) | E30: ='web survey'!S28 | F30: =IF(B30="FU-ACInstall",VLOOKUP(VALUE('web survey'!E28),ref!$B$10:$C$12,2,0)&" ("&'web survey'!E28&")",VLOOKUP(VALUE('web survey'!E28),ref!$E$13:$F$17,2,0)&" ("&'web survey'!E28&")") -> Very Good (10) | G30: ='web survey'!T28 | H30: =IF(B30="FU-ACInstall",VLOOKUP(VALUE('web survey'!F28),ref!$B$15:$C$17,2,0)&" ("&'web survey'!F28&")",VLOOKUP(VALUE('web survey'!F28),ref!$E$20:$F$21,2,0)&" ("&'web survey'!F28&")") -> Different with SAP (-10) | I30: ='web survey'!U28 | J30: =IF(B30="FU-ACInstall","-",VLOOKUP(VALUE('web survey'!G28),ref!$E$24:$F$26,2,0)&" ("&'web survey'!G28&")") -> Jelas (5) | K30: =YEAR('web survey'!Z28)&"-"&IF(MONTH('web survey'!Z28)<10,"0"&MONTH('web survey'!Z28),MONTH('web survey'!Z28))&"-"&IF(DAY('web survey'!Z28)<10,"0"&DAY('web survey'!Z28),DAY('web survey'!Z28))&" "&IF(HOUR('web survey'!Z28)<10,"0"&HOUR('web survey'!Z28),HOUR('web survey'!Z28))&":"&IF(MINUTE('web survey'!Z28)<10,"0"&MINUTE('web survey'!Z28),MINUTE('web survey'!Z28))&(":00'") -> 2024-08-21 16:58:00' | N30: 27 | O30: FU-Z1-Eng | P30: 203905676 | Q30: Good (10) | S30: Very Good (10) | U30: Different with SAP (-10) | W30: Jelas (5) | X30: 21 Aug 2024 16:58
A31: =IF(B31="","",ROW()-COUNTBLANK($B$4:B31)-3) -> 28 | B31: ='web survey'!C29 -> FU-Z1-Eng | C31: ='web survey'!AA29 -> 203907730 | D31: =IF(B31="FU-ACInstall",VLOOKUP(VALUE('web survey'!D29),ref!$B$6:$C$7,2,0)&" ("&'web survey'!D29&")",VLOOKUP(VALUE('web survey'!D29),ref!$E$6:$F$10,2,0)&" ("&'web survey'!D29&")") -> Not Good (-10) | E31: ='web survey'!S29 -> Instalasi awalnya | F31: =IF(B31="FU-ACInstall",VLOOKUP(VALUE('web survey'!E29),ref!$B$10:$C$12,2,0)&" ("&'web survey'!E29&")",VLOOKUP(VALUE('web survey'!E29),ref!$E$13:$F$17,2,0)&" ("&'web survey'!E29&")") -> Very Good (10) | G31: ='web survey'!T29 | H31: =IF(B31="FU-ACInstall",VLOOKUP(VALUE('web survey'!F29),ref!$B$15:$C$17,2,0)&" ("&'web survey'!F29&")",VLOOKUP(VALUE('web survey'!F29),ref!$E$20:$F$21,2,0)&" ("&'web survey'!F29&")") -> Appropriate with SAP / in Warranty (10) | I31: ='web survey'!U29 | J31: =IF(B31="FU-ACInstall","-",VLOOKUP(VALUE('web survey'!G29),ref!$E$24:$F$26,2,0)&" ("&'web survey'!G29&")") -> Jelas (5) | K31: =YEAR('web survey'!Z29)&"-"&IF(MONTH('web survey'!Z29)<10,"0"&MONTH('web survey'!Z29),MONTH('web survey'!Z29))&"-"&IF(DAY('web survey'!Z29)<10,"0"&DAY('web survey'!Z29),DAY('web survey'!Z29))&" "&IF(HOUR('web survey'!Z29)<10,"0"&HOUR('web survey'!Z29),HOUR('web survey'!Z29))&":"&IF(MINUTE('web survey'!Z29)<10,"0"&MINUTE('web survey'!Z29),MINUTE('web survey'!Z29))&(":00'") -> 2024-08-21 16:52:00' | N31: 28 | O31: FU-Z1-Eng | P31: 203907730 | Q31: Not Good (-10) | R31: Instalasi awalnya | S31: Very Good (10) | U31: Appropriate with SAP / in Warranty (10) | W31: Jelas (5) | X31: 21 Aug 2024 16:52
A32: =IF(B32="","",ROW()-COUNTBLANK($B$4:B32)-3) -> 29 | B32: ='web survey'!C30 -> FU-Z1-Eng | C32: ='web survey'!AA30 -> 203900339 | D32: =IF(B32="FU-ACInstall",VLOOKUP(VALUE('web survey'!D30),ref!$B$6:$C$7,2,0)&" ("&'web survey'!D30&")",VLOOKUP(VALUE('web survey'!D30),ref!$E$6:$F$10,2,0)&" ("&'web survey'!D30&")") -> Good (10) | E32: ='web survey'!S30 | F32: =IF(B32="FU-ACInstall",VLOOKUP(VALUE('web survey'!E30),ref!$B$10:$C$12,2,0)&" ("&'web survey'!E30&")",VLOOKUP(VALUE('web survey'!E30),ref!$E$13:$F$17,2,0)&" ("&'web survey'!E30&")") -> Very Good (10) | G32: ='web survey'!T30 | H32: =IF(B32="FU-ACInstall",VLOOKUP(VALUE('web survey'!F30),ref!$B$15:$C$17,2,0)&" ("&'web survey'!F30&")",VLOOKUP(VALUE('web survey'!F30),ref!$E$20:$F$21,2,0)&" ("&'web survey'!F30&")") -> Appropriate with SAP / in Warranty (10) | I32: ='web survey'!U30 | J32: =IF(B32="FU-ACInstall","-",VLOOKUP(VALUE('web survey'!G30),ref!$E$24:$F$26,2,0)&" ("&'web survey'!G30&")") -> Jelas (5) | K32: =YEAR('web survey'!Z30)&"-"&IF(MONTH('web survey'!Z30)<10,"0"&MONTH('web survey'!Z30),MONTH('web survey'!Z30))&"-"&IF(DAY('web survey'!Z30)<10,"0"&DAY('web survey'!Z30),DAY('web survey'!Z30))&" "&IF(HOUR('web survey'!Z30)<10,"0"&HOUR('web survey'!Z30),HOUR('web survey'!Z30))&":"&IF(MINUTE('web survey'!Z30)<10,"0"&MINUTE('web survey'!Z30),MINUTE('web survey'!Z30))&(":00'") -> 2024-08-21 16:31:00' | N32: 29 | O32: FU-Z1-Eng | P32: 203900339 | Q32: Good (10) | S32: Very Good (10) | U32: Appropriate with SAP / in Warranty (10) | W32: Jelas (5) | X32: 21 Aug 2024 16:31
A33: =IF(B33="","",ROW()-COUNTBLANK($B$4:B33)-3) -> 30 | B33: ='web survey'!C31 -> FU-Z1-Eng | C33: ='web survey'!AA31 -> 203900431 | D33: =IF(B33="FU-ACInstall",VLOOKUP(VALUE('web survey'!D31),ref!$B$6:$C$7,2,0)&" ("&'web survey'!D31&")",VLOOKUP(VALUE('web survey'!D31),ref!$E$6:$F$10,2,0)&" ("&'web survey'!D31&")") -> Good (10) | E33: ='web survey'!S31 | F33: =IF(B33="FU-ACInstall",VLOOKUP(VALUE('web survey'!E31),ref!$B$10:$C$12,2,0)&" ("&'web survey'!E31&")",VLOOKUP(VALUE('web survey'!E31),ref!$E$13:$F$17,2,0)&" ("&'web survey'!E31&")") -> Very Good (10) | G33: ='web survey'!T31 | H33: =IF(B33="FU-ACInstall",VLOOKUP(VALUE('web survey'!F31),ref!$B$15:$C$17,2,0)&" ("&'web survey'!F31&")",VLOOKUP(VALUE('web survey'!F31),ref!$E$20:$F$21,2,0)&" ("&'web survey'!F31&")") -> Appropriate with SAP / in Warranty (10) | I33: ='web survey'!U31 | J33: =IF(B33="FU-ACInstall","-",VLOOKUP(VALUE('web survey'!G31),ref!$E$24:$F$26,2,0)&" ("&'web survey'!G31&")") -> Jelas (5) | K33: =YEAR('web survey'!Z31)&"-"&IF(MONTH('web survey'!Z31)<10,"0"&MONTH('web survey'!Z31),MONTH('web survey'!Z31))&"-"&IF(DAY('web survey'!Z31)<10,"0"&DAY('web survey'!Z31),DAY('web survey'!Z31))&" "&IF(HOUR('web survey'!Z31)<10,"0"&HOUR('web survey'!Z31),HOUR('web survey'!Z31))&":"&IF(MINUTE('web survey'!Z31)<10,"0"&MINUTE('web survey'!Z31),MINUTE('web survey'!Z31))&(":00'") -> 2024-08-21 16:23:00' | N33: 30 | O33: FU-Z1-Eng | P33: 203900431 | Q33: Good (10) | S33: Very Good (10) | U33: Appropriate with SAP / in Warranty (10) | W33: Jelas (5) | X33: 21 Aug 2024 16:23
A34: =IF(B34="","",ROW()-COUNTBLANK($B$4:B34)-3) -> 31 | B34: ='web survey'!C32 -> FU-Z1-Eng | C34: ='web survey'!AA32 -> 1916A2400623 | D34: =IF(B34="FU-ACInstall",VLOOKUP(VALUE('web survey'!D32),ref!$B$6:$C$7,2,0)&" ("&'web survey'!D32&")",VLOOKUP(VALUE('web survey'!D32),ref!$E$6:$F$10,2,0)&" ("&'web survey'!D32&")") -> Good (10) | E34: ='web survey'!S32 | F34: =IF(B34="FU-ACInstall",VLOOKUP(VALUE('web survey'!E32),ref!$B$10:$C$12,2,0)&" ("&'web survey'!E32&")",VLOOKUP(VALUE('web survey'!E32),ref!$E$13:$F$17,2,0)&" ("&'web survey'!E32&")") -> Very Good (10) | G34: ='web survey'!T32 | H34: =IF(B34="FU-ACInstall",VLOOKUP(VALUE('web survey'!F32),ref!$B$15:$C$17,2,0)&" ("&'web survey'!F32&")",VLOOKUP(VALUE('web survey'!F32),ref!$E$20:$F$21,2,0)&" ("&'web survey'!F32&")") -> Appropriate with SAP / in Warranty (10) | I34: ='web survey'!U32 | J34: =IF(B34="FU-ACInstall","-",VLOOKUP(VALUE('web survey'!G32),ref!$E$24:$F$26,2,0)&" ("&'web survey'!G32&")") -> Tidak ada penjelasan (-5) | K34: =YEAR('web survey'!Z32)&"-"&IF(MONTH('web survey'!Z32)<10,"0"&MONTH('web survey'!Z32),MONTH('web survey'!Z32))&"-"&IF(DAY('web survey'!Z32)<10,"0"&DAY('web survey'!Z32),DAY('web survey'!Z32))&" "&IF(HOUR('web survey'!Z32)<10,"0"&HOUR('web survey'!Z32),HOUR('web survey'!Z32))&":"&IF(MINUTE('web survey'!Z32)<10,"0"&MINUTE('web survey'!Z32),MINUTE('web survey'!Z32))&(":00'") -> 2024-08-21 16:17:00' | N34: 31 | O34: FU-Z1-Eng | P34: 1916A2400623 | Q34: Good (10) | S34: Very Good (10) | U34: Appropriate with SAP / in Warranty (10) | W34: Tidak ada penjelasan (-5) | X34: 21 Aug 2024 16:17
A35: =IF(B35="","",ROW()-COUNTBLANK($B$4:B35)-3) -> 32 | B35: ='web survey'!C33 -> FU-Z1-Eng | C35: ='web survey'!AA33 -> 203895647 | D35: =IF(B35="FU-ACInstall",VLOOKUP(VALUE('web survey'!D33),ref!$B$6:$C$7,2,0)&" ("&'web survey'!D33&")",VLOOKUP(VALUE('web survey'!D33),ref!$E$6:$F$10,2,0)&" ("&'web survey'!D33&")") -> Good (10) | E35: ='web survey'!S33 | F35: =IF(B35="FU-ACInstall",VLOOKUP(VALUE('web survey'!E33),ref!$B$10:$C$12,2,0)&" ("&'web survey'!E33&")",VLOOKUP(VALUE('web survey'!E33),ref!$E$13:$F$17,2,0)&" ("&'web survey'!E33&")") -> Very Good (10) | G35: ='web survey'!T33 | H35: =IF(B35="FU-ACInstall",VLOOKUP(VALUE('web survey'!F33),ref!$B$15:$C$17,2,0)&" ("&'web survey'!F33&")",VLOOKUP(VALUE('web survey'!F33),ref!$E$20:$F$21,2,0)&" ("&'web survey'!F33&")") -> Appropriate with SAP / in Warranty (10) | I35: ='web survey'!U33 | J35: =IF(B35="FU-ACInstall","-",VLOOKUP(VALUE('web survey'!G33),ref!$E$24:$F$26,2,0)&" ("&'web survey'!G33&")") -> Jelas (5) | K35: =YEAR('web survey'!Z33)&"-"&IF(MONTH('web survey'!Z33)<10,"0"&MONTH('web survey'!Z33),MONTH('web survey'!Z33))&"-"&IF(DAY('web survey'!Z33)<10,"0"&DAY('web survey'!Z33),DAY('web survey'!Z33))&" "&IF(HOUR('web survey'!Z33)<10,"0"&HOUR('web survey'!Z33),HOUR('web survey'!Z33))&":"&IF(MINUTE('web survey'!Z33)<10,"0"&MINUTE('web survey'!Z33),MINUTE('web survey'!Z33))&(":00'") -> 2024-08-21 16:14:00' | N35: 32 | O35: FU-Z1-Eng | P35: 203895647 | Q35: Good (10) | S35: Very Good (10) | U35: Appropriate with SAP / in Warranty (10) | W35: Jelas (5) | X35: 21 Aug 2024 16:14
A36: =IF(B36="","",ROW()-COUNTBLANK($B$4:B36)-3) -> 33 | B36: ='web survey'!C34 -> FU-Z1-Eng | C36: ='web survey'!AA34 -> 203907620 | D36: =IF(B36="FU-ACInstall",VLOOKUP(VALUE('web survey'!D34),ref!$B$6:$C$7,2,0)&" ("&'web survey'!D34&")",VLOOKUP(VALUE('web survey'!D34),ref!$E$6:$F$10,2,0)&" ("&'web survey'!D34&")") -> Good (10) | E36: ='web survey'!S34 | F36: =IF(B36="FU-ACInstall",VLOOKUP(VALUE('web survey'!E34),ref!$B$10:$C$12,2,0)&" ("&'web survey'!E34&")",VLOOKUP(VALUE('web survey'!E34),ref!$E$13:$F$17,2,0)&" ("&'web survey'!E34&")") -> Very Good (10) | G36: ='web survey'!T34 | H36: =IF(B36="FU-ACInstall",VLOOKUP(VALUE('web survey'!F34),ref!$B$15:$C$17,2,0)&" ("&'web survey'!F34&")",VLOOKUP(VALUE('web survey'!F34),ref!$E$20:$F$21,2,0)&" ("&'web survey'!F34&")") -> Appropriate with SAP / in Warranty (10) | I36: ='web survey'!U34 | J36: =IF(B36="FU-ACInstall","-",VLOOKUP(VALUE('web survey'!G34),ref!$E$24:$F$26,2,0)&" ("&'web survey'!G34&")") -> Jelas (5) | K36: =YEAR('web survey'!Z34)&"-"&IF(MONTH('web survey'!Z34)<10,"0"&MONTH('web survey'!Z34),MONTH('web survey'!Z34))&"-"&IF(DAY('web survey'!Z34)<10,"0"&DAY('web survey'!Z34),DAY('web survey'!Z34))&" "&IF(HOUR('web survey'!Z34)<10,"0"&HOUR('web survey'!Z34),HOUR('web survey'!Z34))&":"&IF(MINUTE('web survey'!Z34)<10,"0"&MINUTE('web survey'!Z34),MINUTE('web survey'!Z34))&(":00'") -> 2024-08-21 16:12:00' | N36: 33 | O36: FU-Z1-Eng | P36: 203907620 | Q36: Good (10) | S36: Very Good (10) | U36: Appropriate with SAP / in Warranty (10) | W36: Jelas (5) | X36: 21 Aug 2024 16:12
A37: =IF(B37="","",ROW()-COUNTBLANK($B$4:B37)-3) -> 34 | B37: ='web survey'!C35 -> FU-Z1-Eng | C37: ='web survey'!AA35 -> 100893588 | D37: =IF(B37="FU-ACInstall",VLOOKUP(VALUE('web survey'!D35),ref!$B$6:$C$7,2,0)&" ("&'web survey'!D35&")",VLOOKUP(VALUE('web survey'!D35),ref!$E$6:$F$10,2,0)&" ("&'web survey'!D35&")") -> Good (10) | E37: ='web survey'!S35 | F37: =IF(B37="FU-ACInstall",VLOOKUP(VALUE('web survey'!E35),ref!$B$10:$C$12,2,0)&" ("&'web survey'!E35&")",VLOOKUP(VALUE('web survey'!E35),ref!$E$13:$F$17,2,0)&" ("&'web survey'!E35&")") -> Very Good (10) | G37: ='web survey'!T35 | H37: =IF(B37="FU-ACInstall",VLOOKUP(VALUE('web survey'!F35),ref!$B$15:$C$17,2,0)&" ("&'web survey'!F35&")",VLOOKUP(VALUE('web survey'!F35),ref!$E$20:$F$21,2,0)&" ("&'web survey'!F35&")") -> Appropriate with SAP / in Warranty (10) | I37: ='web survey'!U35 | J37: =IF(B37="FU-ACInstall","-",VLOOKUP(VALUE('web survey'!G35),ref!$E$24:$F$26,2,0)&" ("&'web survey'!G35&")") -> Jelas (5) | K37: =YEAR('web survey'!Z35)&"-"&IF(MONTH('web survey'!Z35)<10,"0"&MONTH('web survey'!Z35),MONTH('web survey'!Z35))&"-"&IF(DAY('web survey'!Z35)<10,"0"&DAY('web survey'!Z35),DAY('web survey'!Z35))&" "&IF(HOUR('web survey'!Z35)<10,"0"&HOUR('web survey'!Z35),HOUR('web survey'!Z35))&":"&IF(MINUTE('web survey'!Z35)<10,"0"&MINUTE('web survey'!Z35),MINUTE('web survey'!Z35))&(":00'") -> 2024-08-21 16:05:00' | N37: 34 | O37: FU-Z1-Eng | P37: 100893588 | Q37: Good (10) | S37: Very Good (10) | U37: Appropriate with SAP / in Warranty (10) | W37: Jelas (5) | X37: 21 Aug 2024 16:05
A38: =IF(B38="","",ROW()-COUNTBLANK($B$4:B38)-3) -> 35 | B38: ='web survey'!C36 -> FU-Z1-Eng | C38: ='web survey'!AA36 -> 203907538 | D38: =IF(B38="FU-ACInstall",VLOOKUP(VALUE('web survey'!D36),ref!$B$6:$C$7,2,0)&" ("&'web survey'!D36&")",VLOOKUP(VALUE('web survey'!D36),ref!$E$6:$F$10,2,0)&" ("&'web survey'!D36&")") -> Good (10) | E38: ='web survey'!S36 | F38: =IF(B38="FU-ACInstall",VLOOKUP(VALUE('web survey'!E36),ref!$B$10:$C$12,2,0)&" ("&'web survey'!E36&")",VLOOKUP(VALUE('web survey'!E36),ref!$E$13:$F$17,2,0)&" ("&'web survey'!E36&")") -> Good (5) | G38: ='web survey'!T36 | H38: =IF(B38="FU-ACInstall",VLOOKUP(VALUE('web survey'!F36),ref!$B$15:$C$17,2,0)&" ("&'web survey'!F36&")",VLOOKUP(VALUE('web survey'!F36),ref!$E$20:$F$21,2,0)&" ("&'web survey'!F36&")") -> Appropriate with SAP / in Warranty (10) | I38: ='web survey'!U36 | J38: =IF(B38="FU-ACInstall","-",VLOOKUP(VALUE('web survey'!G36),ref!$E$24:$F$26,2,0)&" ("&'web survey'!G36&")") -> Jelas (5) | K38: =YEAR('web survey'!Z36)&"-"&IF(MONTH('web survey'!Z36)<10,"0"&MONTH('web survey'!Z36),MONTH('web survey'!Z36))&"-"&IF(DAY('web survey'!Z36)<10,"0"&DAY('web survey'!Z36),DAY('web survey'!Z36))&" "&IF(HOUR('web survey'!Z36)<10,"0"&HOUR('web survey'!Z36),HOUR('web survey'!Z36))&":"&IF(MINUTE('web survey'!Z36)<10,"0"&MINUTE('web survey'!Z36),MINUTE('web survey'!Z36))&(":00'") -> 2024-08-21 15:56:00' | N38: 35 | O38: FU-Z1-Eng | P38: 203907538 | Q38: Good (10) | S38: Good (5) | U38: Appropriate with SAP / in Warranty (10) | W38: Jelas (5) | X38: 21 Aug 2024 15:56
A39: =IF(B39="","",ROW()-COUNTBLANK($B$4:B39)-3) -> 36 | B39: ='web survey'!C37 -> FU-Z1-Eng | C39: ='web survey'!AA37 -> 203901930 | D39: =IF(B39="FU-ACInstall",VLOOKUP(VALUE('web survey'!D37),ref!$B$6:$C$7,2,0)&" ("&'web survey'!D37&")",VLOOKUP(VALUE('web survey'!D37),ref!$E$6:$F$10,2,0)&" ("&'web survey'!D37&")") -> Good (10) | E39: ='web survey'!S37 | F39: =IF(B39="FU-ACInstall",VLOOKUP(VALUE('web survey'!E37),ref!$B$10:$C$12,2,0)&" ("&'web survey'!E37&")",VLOOKUP(VALUE('web survey'!E37),ref!$E$13:$F$17,2,0)&" ("&'web survey'!E37&")") -> Average (3) | G39: ='web survey'!T37 | H39: =IF(B39="FU-ACInstall",VLOOKUP(VALUE('web survey'!F37),ref!$B$15:$C$17,2,0)&" ("&'web survey'!F37&")",VLOOKUP(VALUE('web survey'!F37),ref!$E$20:$F$21,2,0)&" ("&'web survey'!F37&")") -> Appropriate with SAP / in Warranty (10) | I39: ='web survey'!U37 | J39: =IF(B39="FU-ACInstall","-",VLOOKUP(VALUE('web survey'!G37),ref!$E$24:$F$26,2,0)&" ("&'web survey'!G37&")") -> Jelas (5) | K39: =YEAR('web survey'!Z37)&"-"&IF(MONTH('web survey'!Z37)<10,"0"&MONTH('web survey'!Z37),MONTH('web survey'!Z37))&"-"&IF(DAY('web survey'!Z37)<10,"0"&DAY('web survey'!Z37),DAY('web survey'!Z37))&" "&IF(HOUR('web survey'!Z37)<10,"0"&HOUR('web survey'!Z37),HOUR('web survey'!Z37))&":"&IF(MINUTE('web survey'!Z37)<10,"0"&MINUTE('web survey'!Z37),MINUTE('web survey'!Z37))&(":00'") -> 2024-08-21 15:54:00' | N39: 36 | O39: FU-Z1-Eng | P39: 203901930 | Q39: Good (10) | S39: Average (3) | U39: Appropriate with SAP / in Warranty (10) | W39: Jelas (5) | X39: 21 Aug 2024 15:54
A40: =IF(B40="","",ROW()-COUNTBLANK($B$4:B40)-3) -> 37 | B40: ='web survey'!C38 -> FU-Z1-Eng | C40: ='web survey'!AA38 -> 203907595 | D40: =IF(B40="FU-ACInstall",VLOOKUP(VALUE('web survey'!D38),ref!$B$6:$C$7,2,0)&" ("&'web survey'!D38&")",VLOOKUP(VALUE('web survey'!D38),ref!$E$6:$F$10,2,0)&" ("&'web survey'!D38&")") -> Good (10) | E40: ='web survey'!S38 | F40: =IF(B40="FU-ACInstall",VLOOKUP(VALUE('web survey'!E38),ref!$B$10:$C$12,2,0)&" ("&'web survey'!E38&")",VLOOKUP(VALUE('web survey'!E38),ref!$E$13:$F$17,2,0)&" ("&'web survey'!E38&")") -> Very Good (10) | G40: ='web survey'!T38 | H40: =IF(B40="FU-ACInstall",VLOOKUP(VALUE('web survey'!F38),ref!$B$15:$C$17,2,0)&" ("&'web survey'!F38&")",VLOOKUP(VALUE('web survey'!F38),ref!$E$20:$F$21,2,0)&" ("&'web survey'!F38&")") -> Appropriate with SAP / in Warranty (10) | I40: ='web survey'!U38 | J40: =IF(B40="FU-ACInstall","-",VLOOKUP(VALUE('web survey'!G38),ref!$E$24:$F$26,2,0)&" ("&'web survey'!G38&")") -> Jelas (5) | K40: =YEAR('web survey'!Z38)&"-"&IF(MONTH('web survey'!Z38)<10,"0"&MONTH('web survey'!Z38),MONTH('web survey'!Z38))&"-"&IF(DAY('web survey'!Z38)<10,"0"&DAY('web survey'!Z38),DAY('web survey'!Z38))&" "&IF(HOUR('web survey'!Z38)<10,"0"&HOUR('web survey'!Z38),HOUR('web survey'!Z38))&":"&IF(MINUTE('web survey'!Z38)<10,"0"&MINUTE('web survey'!Z38),MINUTE('web survey'!Z38))&(":00'") -> 2024-08-21 15:53:00' | N40: 37 | O40: FU-Z1-Eng | P40: 203907595 | Q40: Good (10) | S40: Very Good (10) | U40: Appropriate with SAP / in Warranty (10) | W40: Jelas (5) | X40: 21 Aug 2024 15:53
A41: =IF(B41="","",ROW()-COUNTBLANK($B$4:B41)-3) -> 38 | B41: ='web survey'!C39 -> FU-Z1-Eng | C41: ='web survey'!AA39 -> 100891707 | D41: =IF(B41="FU-ACInstall",VLOOKUP(VALUE('web survey'!D39),ref!$B$6:$C$7,2,0)&" ("&'web survey'!D39&")",VLOOKUP(VALUE('web survey'!D39),ref!$E$6:$F$10,2,0)&" ("&'web survey'!D39&")") -> Good (10) | E41: ='web survey'!S39 | F41: =IF(B41="FU-ACInstall",VLOOKUP(VALUE('web survey'!E39),ref!$B$10:$C$12,2,0)&" ("&'web survey'!E39&")",VLOOKUP(VALUE('web survey'!E39),ref!$E$13:$F$17,2,0)&" ("&'web survey'!E39&")") -> Good (5) | G41: ='web survey'!T39 | H41: =IF(B41="FU-ACInstall",VLOOKUP(VALUE('web survey'!F39),ref!$B$15:$C$17,2,0)&" ("&'web survey'!F39&")",VLOOKUP(VALUE('web survey'!F39),ref!$E$20:$F$21,2,0)&" ("&'web survey'!F39&")") -> Different with SAP (-10) | I41: ='web survey'!U39 | J41: =IF(B41="FU-ACInstall","-",VLOOKUP(VALUE('web survey'!G39),ref!$E$24:$F$26,2,0)&" ("&'web survey'!G39&")") -> Jelas (5) | K41: =YEAR('web survey'!Z39)&"-"&IF(MONTH('web survey'!Z39)<10,"0"&MONTH('web survey'!Z39),MONTH('web survey'!Z39))&"-"&IF(DAY('web survey'!Z39)<10,"0"&DAY('web survey'!Z39),DAY('web survey'!Z39))&" "&IF(HOUR('web survey'!Z39)<10,"0"&HOUR('web survey'!Z39),HOUR('web survey'!Z39))&":"&IF(MINUTE('web survey'!Z39)<10,"0"&MINUTE('web survey'!Z39),MINUTE('web survey'!Z39))&(":00'") -> 2024-08-21 15:50:00' | N41: 38 | O41: FU-Z1-Eng | P41: 100891707 | Q41: Good (10) | S41: Good (5) | U41: Different with SAP (-10) | W41: Jelas (5) | X41: 21 Aug 2024 15:50
A42: =IF(B42="","",ROW()-COUNTBLANK($B$4:B42)-3) -> 39 | B42: ='web survey'!C40 -> FU-Z1-Eng | C42: ='web survey'!AA40 -> 203909251 | D42: =IF(B42="FU-ACInstall",VLOOKUP(VALUE('web survey'!D40),ref!$B$6:$C$7,2,0)&" ("&'web survey'!D40&")",VLOOKUP(VALUE('web survey'!D40),ref!$E$6:$F$10,2,0)&" ("&'web survey'!D40&")") -> Good (10) | E42: ='web survey'!S40 | F42: =IF(B42="FU-ACInstall",VLOOKUP(VALUE('web survey'!E40),ref!$B$10:$C$12,2,0)&" ("&'web survey'!E40&")",VLOOKUP(VALUE('web survey'!E40),ref!$E$13:$F$17,2,0)&" ("&'web survey'!E40&")") -> Very Good (10) | G42: ='web survey'!T40 | H42: =IF(B42="FU-ACInstall",VLOOKUP(VALUE('web survey'!F40),ref!$B$15:$C$17,2,0)&" ("&'web survey'!F40&")",VLOOKUP(VALUE('web survey'!F40),ref!$E$20:$F$21,2,0)&" ("&'web survey'!F40&")") -> Different with SAP (-10) | I42: ='web survey'!U40 | J42: =IF(B42="FU-ACInstall","-",VLOOKUP(VALUE('web survey'!G40),ref!$E$24:$F$26,2,0)&" ("&'web survey'!G40&")") -> Jelas (5) | K42: =YEAR('web survey'!Z40)&"-"&IF(MONTH('web survey'!Z40)<10,"0"&MONTH('web survey'!Z40),MONTH('web survey'!Z40))&"-"&IF(DAY('web survey'!Z40)<10,"0"&DAY('web survey'!Z40),DAY('web survey'!Z40))&" "&IF(HOUR('web survey'!Z40)<10,"0"&HOUR('web survey'!Z40),HOUR('web survey'!Z40))&":"&IF(MINUTE('web survey'!Z40)<10,"0"&MINUTE('web survey'!Z40),MINUTE('web survey'!Z40))&(":00'") -> 2024-08-21 15:49:00' | N42: 39 | O42: FU-Z1-Eng | P42: 203909251 | Q42: Good (10) | S42: Very Good (10) | U42: Different with SAP (-10) | W42: Jelas (5) | X42: 21 Aug 2024 15:49
A43: =IF(B43="","",ROW()-COUNTBLANK($B$4:B43)-3) -> 40 | B43: ='web survey'!C41 -> FU-Z1-Eng | C43: ='web survey'!AA41 -> 203904127 | D43: =IF(B43="FU-ACInstall",VLOOKUP(VALUE('web survey'!D41),ref!$B$6:$C$7,2,0)&" ("&'web survey'!D41&")",VLOOKUP(VALUE('web survey'!D41),ref!$E$6:$F$10,2,0)&" ("&'web survey'!D41&")") -> Good (10) | E43: ='web survey'!S41 | F43: =IF(B43="FU-ACInstall",VLOOKUP(VALUE('web survey'!E41),ref!$B$10:$C$12,2,0)&" ("&'web survey'!E41&")",VLOOKUP(VALUE('web survey'!E41),ref!$E$13:$F$17,2,0)&" ("&'web survey'!E41&")") -> Very Good (10) | G43: ='web survey'!T41 | H43: =IF(B43="FU-ACInstall",VLOOKUP(VALUE('web survey'!F41),ref!$B$15:$C$17,2,0)&" ("&'web survey'!F41&")",VLOOKUP(VALUE('web survey'!F41),ref!$E$20:$F$21,2,0)&" ("&'web survey'!F41&")") -> Different with SAP (-10) | I43: ='web survey'!U41 | J43: =IF(B43="FU-ACInstall","-",VLOOKUP(VALUE('web survey'!G41),ref!$E$24:$F$26,2,0)&" ("&'web survey'!G41&")") -> Jelas (5) | K43: =YEAR('web survey'!Z41)&"-"&IF(MONTH('web survey'!Z41)<10,"0"&MONTH('web survey'!Z41),MONTH('web survey'!Z41))&"-"&IF(DAY('web survey'!Z41)<10,"0"&DAY('web survey'!Z41),DAY('web survey'!Z41))&" "&IF(HOUR('web survey'!Z41)<10,"0"&HOUR('web survey'!Z41),HOUR('web survey'!Z41))&":"&IF(MINUTE('web survey'!Z41)<10,"0"&MINUTE('web survey'!Z41),MINUTE('web survey'!Z41))&(":00'") -> 2024-08-21 15:44:00' | N43: 40 | O43: FU-Z1-Eng | P43: 203904127 | Q43: Good (10) | S43: Very Good (10) | U43: Different with SAP (-10) | W43: Jelas (5) | X43: 21 Aug 2024 15:44
... A64: =IF(B64="","",ROW()-COUNTBLANK($B$4:B64)-3) -> 61 | B64: ='web survey'!C62 -> FU-Z1-Eng | C64: ='web survey'!AA62 -> 203907152 | D64: =IF(B64="FU-ACInstall",VLOOKUP(VALUE('web survey'!D62),ref!$B$6:$C$7,2,0)&" ("&'web survey'!D62&")",VLOOKUP(VALUE('web survey'!D62),ref!$E$6:$F$10,2,0)&" ("&'web survey'!D62&")") -> Good (10) | E64: ='web survey'!S62 | F64: =IF(B64="FU-ACInstall",VLOOKUP(VALUE('web survey'!E62),ref!$B$10:$C$12,2,0)&" ("&'web survey'!E62&")",VLOOKUP(VALUE('web survey'!E62),ref!$E$13:$F$17,2,0)&" ("&'web survey'!E62&")") -> Good (5) | G64: ='web survey'!T62 | H64: =IF(B64="FU-ACInstall",VLOOKUP(VALUE('web survey'!F62),ref!$B$15:$C$17,2,0)&" ("&'web survey'!F62&")",VLOOKUP(VALUE('web survey'!F62),ref!$E$20:$F$21,2,0)&" ("&'web survey'!F62&")") -> Appropriate with SAP / in Warranty (10) | I64: ='web survey'!U62 | J64: =IF(B64="FU-ACInstall","-",VLOOKUP(VALUE('web survey'!G62),ref!$E$24:$F$26,2,0)&" ("&'web survey'!G62&")") -> Jelas (5) | K64: =YEAR('web survey'!Z62)&"-"&IF(MONTH('web survey'!Z62)<10,"0"&MONTH('web survey'!Z62),MONTH('web survey'!Z62))&"-"&IF(DAY('web survey'!Z62)<10,"0"&DAY('web survey'!Z62),DAY('web survey'!Z62))&" "&IF(HOUR('web survey'!Z62)<10,"0"&HOUR('web survey'!Z62),HOUR('web survey'!Z62))&":"&IF(MINUTE('web survey'!Z62)<10,"0"&MINUTE('web survey'!Z62),MINUTE('web survey'!Z62))&(":00'") -> 2024-08-21 15:14:00' | N64: 61 | O64: FU-Z1-Eng | P64: 203907152 | Q64: Good (10) | S64: Good (5) | U64: Appropriate with SAP / in Warranty (10) | W64: Jelas (5) | X64: 21 Aug 2024 15:14
A65: =IF(B65="","",ROW()-COUNTBLANK($B$4:B65)-3) -> 62 | B65: ='web survey'!C63 -> FU-Z1-Eng | C65: ='web survey'!AA63 -> 203907272 | D65: =IF(B65="FU-ACInstall",VLOOKUP(VALUE('web survey'!D63),ref!$B$6:$C$7,2,0)&" ("&'web survey'!D63&")",VLOOKUP(VALUE('web survey'!D63),ref!$E$6:$F$10,2,0)&" ("&'web survey'!D63&")") -> Not Good (-10) | E65: ='web survey'!S63 -> Gak jelas | F65: =IF(B65="FU-ACInstall",VLOOKUP(VALUE('web survey'!E63),ref!$B$10:$C$12,2,0)&" ("&'web survey'!E63&")",VLOOKUP(VALUE('web survey'!E63),ref!$E$13:$F$17,2,0)&" ("&'web survey'!E63&")") -> Average (3) | G65: ='web survey'!T63 | H65: =IF(B65="FU-ACInstall",VLOOKUP(VALUE('web survey'!F63),ref!$B$15:$C$17,2,0)&" ("&'web survey'!F63&")",VLOOKUP(VALUE('web survey'!F63),ref!$E$20:$F$21,2,0)&" ("&'web survey'!F63&")") -> Different with SAP (-10) | I65: ='web survey'!U63 | J65: =IF(B65="FU-ACInstall","-",VLOOKUP(VALUE('web survey'!G63),ref!$E$24:$F$26,2,0)&" ("&'web survey'!G63&")") -> Kurang jelas (3) | K65: =YEAR('web survey'!Z63)&"-"&IF(MONTH('web survey'!Z63)<10,"0"&MONTH('web survey'!Z63),MONTH('web survey'!Z63))&"-"&IF(DAY('web survey'!Z63)<10,"0"&DAY('web survey'!Z63),DAY('web survey'!Z63))&" "&IF(HOUR('web survey'!Z63)<10,"0"&HOUR('web survey'!Z63),HOUR('web survey'!Z63))&":"&IF(MINUTE('web survey'!Z63)<10,"0"&MINUTE('web survey'!Z63),MINUTE('web survey'!Z63))&(":00'") -> 2024-08-21 15:14:00' | N65: 62 | O65: FU-Z1-Eng | P65: 203907272 | Q65: Not Good (-10) | R65: Gak jelas | S65: Average (3) | U65: Different with SAP (-10) | W65: Kurang jelas (3) | X65: 21 Aug 2024 15:14
A66: =IF(B66="","",ROW()-COUNTBLANK($B$4:B66)-3) -> 63 | B66: ='web survey'!C64 -> FU-Z1-Eng | C66: ='web survey'!AA64 -> 203905018 | D66: =IF(B66="FU-ACInstall",VLOOKUP(VALUE('web survey'!D64),ref!$B$6:$C$7,2,0)&" ("&'web survey'!D64&")",VLOOKUP(VALUE('web survey'!D64),ref!$E$6:$F$10,2,0)&" ("&'web survey'!D64&")") -> Good (10) | E66: ='web survey'!S64 | F66: =IF(B66="FU-ACInstall",VLOOKUP(VALUE('web survey'!E64),ref!$B$10:$C$12,2,0)&" ("&'web survey'!E64&")",VLOOKUP(VALUE('web survey'!E64),ref!$E$13:$F$17,2,0)&" ("&'web survey'!E64&")") -> Very Good (10) | G66: ='web survey'!T64 | H66: =IF(B66="FU-ACInstall",VLOOKUP(VALUE('web survey'!F64),ref!$B$15:$C$17,2,0)&" ("&'web survey'!F64&")",VLOOKUP(VALUE('web survey'!F64),ref!$E$20:$F$21,2,0)&" ("&'web survey'!F64&")") -> Appropriate with SAP / in Warranty (10) | I66: ='web survey'!U64 | J66: =IF(B66="FU-ACInstall","-",VLOOKUP(VALUE('web survey'!G64),ref!$E$24:$F$26,2,0)&" ("&'web survey'!G64&")") -> Jelas (5) | K66: =YEAR('web survey'!Z64)&"-"&IF(MONTH('web survey'!Z64)<10,"0"&MONTH('web survey'!Z64),MONTH('web survey'!Z64))&"-"&IF(DAY('web survey'!Z64)<10,"0"&DAY('web survey'!Z64),DAY('web survey'!Z64))&" "&IF(HOUR('web survey'!Z64)<10,"0"&HOUR('web survey'!Z64),HOUR('web survey'!Z64))&":"&IF(MINUTE('web survey'!Z64)<10,"0"&MINUTE('web survey'!Z64),MINUTE('web survey'!Z64))&(":00'") -> 2024-08-21 15:14:00' | N66: 63 | O66: FU-Z1-Eng | P66: 203905018 | Q66: Good (10) | S66: Very Good (10) | U66: Appropriate with SAP / in Warranty (10) | W66: Jelas (5) | X66: 21 Aug 2024 15:14
A67: =IF(B67="","",ROW()-COUNTBLANK($B$4:B67)-3) -> 64 | B67: ='web survey'!C65 -> FU-Z1-Eng | C67: ='web survey'!AA65 -> 203907735 | D67: =IF(B67="FU-ACInstall",VLOOKUP(VALUE('web survey'!D65),ref!$B$6:$C$7,2,0)&" ("&'web survey'!D65&")",VLOOKUP(VALUE('web survey'!D65),ref!$E$6:$F$10,2,0)&" ("&'web survey'!D65&")") -> Good (10) | E67: ='web survey'!S65 | F67: =IF(B67="FU-ACInstall",VLOOKUP(VALUE('web survey'!E65),ref!$B$10:$C$12,2,0)&" ("&'web survey'!E65&")",VLOOKUP(VALUE('web survey'!E65),ref!$E$13:$F$17,2,0)&" ("&'web survey'!E65&")") -> Good (5) | G67: ='web survey'!T65 | H67: =IF(B67="FU-ACInstall",VLOOKUP(VALUE('web survey'!F65),ref!$B$15:$C$17,2,0)&" ("&'web survey'!F65&")",VLOOKUP(VALUE('web survey'!F65),ref!$E$20:$F$21,2,0)&" ("&'web survey'!F65&")") -> Appropriate with SAP / in Warranty (10) | I67: ='web survey'!U65 | J67: =IF(B67="FU-ACInstall","-",VLOOKUP(VALUE('web survey'!G65),ref!$E$24:$F$26,2,0)&" ("&'web survey'!G65&")") -> Jelas (5) | K67: =YEAR('web survey'!Z65)&"-"&IF(MONTH('web survey'!Z65)<10,"0"&MONTH('web survey'!Z65),MONTH('web survey'!Z65))&"-"&IF(DAY('web survey'!Z65)<10,"0"&DAY('web survey'!Z65),DAY('web survey'!Z65))&" "&IF(HOUR('web survey'!Z65)<10,"0"&HOUR('web survey'!Z65),HOUR('web survey'!Z65))&":"&IF(MINUTE('web survey'!Z65)<10,"0"&MINUTE('web survey'!Z65),MINUTE('web survey'!Z65))&(":00'") -> 2024-08-21 15:14:00' | N67: 64 | O67: FU-Z1-Eng | P67: 203907735 | Q67: Good (10) | S67: Good (5) | U67: Appropriate with SAP / in Warranty (10) | W67: Jelas (5) | X67: 21 Aug 2024 15:14
A68: =IF(B68="","",ROW()-COUNTBLANK($B$4:B68)-3) -> 65 | B68: ='web survey'!C66 -> FU-Z1-Eng | C68: ='web survey'!AA66 -> 203907505 | D68: =IF(B68="FU-ACInstall",VLOOKUP(VALUE('web survey'!D66),ref!$B$6:$C$7,2,0)&" ("&'web survey'!D66&")",VLOOKUP(VALUE('web survey'!D66),ref!$E$6:$F$10,2,0)&" ("&'web survey'!D66&")") -> Good (10) | E68: ='web survey'!S66 | F68: =IF(B68="FU-ACInstall",VLOOKUP(VALUE('web survey'!E66),ref!$B$10:$C$12,2,0)&" ("&'web survey'!E66&")",VLOOKUP(VALUE('web survey'!E66),ref!$E$13:$F$17,2,0)&" ("&'web survey'!E66&")") -> Very Good (10) | G68: ='web survey'!T66 | H68: =IF(B68="FU-ACInstall",VLOOKUP(VALUE('web survey'!F66),ref!$B$15:$C$17,2,0)&" ("&'web survey'!F66&")",VLOOKUP(VALUE('web survey'!F66),ref!$E$20:$F$21,2,0)&" ("&'web survey'!F66&")") -> Appropriate with SAP / in Warranty (10) | I68: ='web survey'!U66 | J68: =IF(B68="FU-ACInstall","-",VLOOKUP(VALUE('web survey'!G66),ref!$E$24:$F$26,2,0)&" ("&'web survey'!G66&")") -> Jelas (5) | K68: =YEAR('web survey'!Z66)&"-"&IF(MONTH('web survey'!Z66)<10,"0"&MONTH('web survey'!Z66),MONTH('web survey'!Z66))&"-"&IF(DAY('web survey'!Z66)<10,"0"&DAY('web survey'!Z66),DAY('web survey'!Z66))&" "&IF(HOUR('web survey'!Z66)<10,"0"&HOUR('web survey'!Z66),HOUR('web survey'!Z66))&":"&IF(MINUTE('web survey'!Z66)<10,"0"&MINUTE('web survey'!Z66),MINUTE('web survey'!Z66))&(":00'") -> 2024-08-21 15:13:00' | N68: 65 | O68: FU-Z1-Eng | P68: 203907505 | Q68: Good (10) | S68: Very Good (10) | U68: Appropriate with SAP / in Warranty (10) | W68: Jelas (5) | X68: 21 Aug 2024 15:13
A69: =IF(B69="","",ROW()-COUNTBLANK($B$4:B69)-3) -> 66 | B69: ='web survey'!C67 -> FU-Z1-Eng | C69: ='web survey'!AA67 -> 100893407 | D69: =IF(B69="FU-ACInstall",VLOOKUP(VALUE('web survey'!D67),ref!$B$6:$C$7,2,0)&" ("&'web survey'!D67&")",VLOOKUP(VALUE('web survey'!D67),ref!$E$6:$F$10,2,0)&" ("&'web survey'!D67&")") -> Good (10) | E69: ='web survey'!S67 | F69: =IF(B69="FU-ACInstall",VLOOKUP(VALUE('web survey'!E67),ref!$B$10:$C$12,2,0)&" ("&'web survey'!E67&")",VLOOKUP(VALUE('web survey'!E67),ref!$E$13:$F$17,2,0)&" ("&'web survey'!E67&")") -> Very Good (10) | G69: ='web survey'!T67 | H69: =IF(B69="FU-ACInstall",VLOOKUP(VALUE('web survey'!F67),ref!$B$15:$C$17,2,0)&" ("&'web survey'!F67&")",VLOOKUP(VALUE('web survey'!F67),ref!$E$20:$F$21,2,0)&" ("&'web survey'!F67&")") -> Appropriate with SAP / in Warranty (10) | I69: ='web survey'!U67 | J69: =IF(B69="FU-ACInstall","-",VLOOKUP(VALUE('web survey'!G67),ref!$E$24:$F$26,2,0)&" ("&'web survey'!G67&")") -> Jelas (5) | K69: =YEAR('web survey'!Z67)&"-"&IF(MONTH('web survey'!Z67)<10,"0"&MONTH('web survey'!Z67),MONTH('web survey'!Z67))&"-"&IF(DAY('web survey'!Z67)<10,"0"&DAY('web survey'!Z67),DAY('web survey'!Z67))&" "&IF(HOUR('web survey'!Z67)<10,"0"&HOUR('web survey'!Z67),HOUR('web survey'!Z67))&":"&IF(MINUTE('web survey'!Z67)<10,"0"&MINUTE('web survey'!Z67),MINUTE('web survey'!Z67))&(":00'") -> 2024-08-21 15:13:00' | N69: 66 | O69: FU-Z1-Eng | P69: 100893407 | Q69: Good (10) | S69: Very Good (10) | U69: Appropriate with SAP / in Warranty (10) | W69: Jelas (5) | X69: 21 Aug 2024 15:13
A70: =IF(B70="","",ROW()-COUNTBLANK($B$4:B70)-3) -> 67 | B70: ='web survey'!C68 -> FU-Z1-Eng | C70: ='web survey'!AA68 -> 203900645 | D70: =IF(B70="FU-ACInstall",VLOOKUP(VALUE('web survey'!D68),ref!$B$6:$C$7,2,0)&" ("&'web survey'!D68&")",VLOOKUP(VALUE('web survey'!D68),ref!$E$6:$F$10,2,0)&" ("&'web survey'!D68&")") -> Good (10) | E70: ='web survey'!S68 | F70: =IF(B70="FU-ACInstall",VLOOKUP(VALUE('web survey'!E68),ref!$B$10:$C$12,2,0)&" ("&'web survey'!E68&")",VLOOKUP(VALUE('web survey'!E68),ref!$E$13:$F$17,2,0)&" ("&'web survey'!E68&")") -> Very Good (10) | G70: ='web survey'!T68 | H70: =IF(B70="FU-ACInstall",VLOOKUP(VALUE('web survey'!F68),ref!$B$15:$C$17,2,0)&" ("&'web survey'!F68&")",VLOOKUP(VALUE('web survey'!F68),ref!$E$20:$F$21,2,0)&" ("&'web survey'!F68&")") -> Appropriate with SAP / in Warranty (10) | I70: ='web survey'!U68 | J70: =IF(B70="FU-ACInstall","-",VLOOKUP(VALUE('web survey'!G68),ref!$E$24:$F$26,2,0)&" ("&'web survey'!G68&")") -> Jelas (5) | K70: =YEAR('web survey'!Z68)&"-"&IF(MONTH('web survey'!Z68)<10,"0"&MONTH('web survey'!Z68),MONTH('web survey'!Z68))&"-"&IF(DAY('web survey'!Z68)<10,"0"&DAY('web survey'!Z68),DAY('web survey'!Z68))&" "&IF(HOUR('web survey'!Z68)<10,"0"&HOUR('web survey'!Z68),HOUR('web survey'!Z68))&":"&IF(MINUTE('web survey'!Z68)<10,"0"&MINUTE('web survey'!Z68),MINUTE('web survey'!Z68))&(":00'") -> 2024-08-21 15:12:00' | N70: 67 | O70: FU-Z1-Eng | P70: 203900645 | Q70: Good (10) | S70: Very Good (10) | U70: Appropriate with SAP / in Warranty (10) | W70: Jelas (5) | X70: 21 Aug 2024 15:12
A71: =IF(B71="","",ROW()-COUNTBLANK($B$4:B71)-3) -> 68 | B71: ='web survey'!C69 -> FU-Z1-Eng | C71: ='web survey'!AA69 -> 100893627 | D71: =IF(B71="FU-ACInstall",VLOOKUP(VALUE('web survey'!D69),ref!$B$6:$C$7,2,0)&" ("&'web survey'!D69&")",VLOOKUP(VALUE('web survey'!D69),ref!$E$6:$F$10,2,0)&" ("&'web survey'!D69&")") -> Good (10) | E71: ='web survey'!S69 | F71: =IF(B71="FU-ACInstall",VLOOKUP(VALUE('web survey'!E69),ref!$B$10:$C$12,2,0)&" ("&'web survey'!E69&")",VLOOKUP(VALUE('web survey'!E69),ref!$E$13:$F$17,2,0)&" ("&'web survey'!E69&")") -> Not Fairly Good (-5) | G71: ='web survey'!T69 | H71: =IF(B71="FU-ACInstall",VLOOKUP(VALUE('web survey'!F69),ref!$B$15:$C$17,2,0)&" ("&'web survey'!F69&")",VLOOKUP(VALUE('web survey'!F69),ref!$E$20:$F$21,2,0)&" ("&'web survey'!F69&")") -> Appropriate with SAP / in Warranty (10) | I71: ='web survey'!U69 | J71: =IF(B71="FU-ACInstall","-",VLOOKUP(VALUE('web survey'!G69),ref!$E$24:$F$26,2,0)&" ("&'web survey'!G69&")") -> Kurang jelas (3) | K71: =YEAR('web survey'!Z69)&"-"&IF(MONTH('web survey'!Z69)<10,"0"&MONTH('web survey'!Z69),MONTH('web survey'!Z69))&"-"&IF(DAY('web survey'!Z69)<10,"0"&DAY('web survey'!Z69),DAY('web survey'!Z69))&" "&IF(HOUR('web survey'!Z69)<10,"0"&HOUR('web survey'!Z69),HOUR('web survey'!Z69))&":"&IF(MINUTE('web survey'!Z69)<10,"0"&MINUTE('web survey'!Z69),MINUTE('web survey'!Z69))&(":00'") -> 2024-08-21 15:11:00' | N71: 68 | O71: FU-Z1-Eng | P71: 100893627 | Q71: Good (10) | S71: Not Fairly Good (-5) | U71: Appropriate with SAP / in Warranty (10) | W71: Kurang jelas (3) | X71: 21 Aug 2024 15:11
A72: =IF(B72="","",ROW()-COUNTBLANK($B$4:B72)-3) -> 69 | B72: ='web survey'!C70 -> FU-Z1-Eng | C72: ='web survey'!AA70 -> 203902202 | D72: =IF(B72="FU-ACInstall",VLOOKUP(VALUE('web survey'!D70),ref!$B$6:$C$7,2,0)&" ("&'web survey'!D70&")",VLOOKUP(VALUE('web survey'!D70),ref!$E$6:$F$10,2,0)&" ("&'web survey'!D70&")") -> Good (10) | E72: ='web survey'!S70 | F72: =IF(B72="FU-ACInstall",VLOOKUP(VALUE('web survey'!E70),ref!$B$10:$C$12,2,0)&" ("&'web survey'!E70&")",VLOOKUP(VALUE('web survey'!E70),ref!$E$13:$F$17,2,0)&" ("&'web survey'!E70&")") -> Very Good (10) | G72: ='web survey'!T70 | H72: =IF(B72="FU-ACInstall",VLOOKUP(VALUE('web survey'!F70),ref!$B$15:$C$17,2,0)&" ("&'web survey'!F70&")",VLOOKUP(VALUE('web survey'!F70),ref!$E$20:$F$21,2,0)&" ("&'web survey'!F70&")") -> Appropriate with SAP / in Warranty (10) | I72: ='web survey'!U70 | J72: =IF(B72="FU-ACInstall","-",VLOOKUP(VALUE('web survey'!G70),ref!$E$24:$F$26,2,0)&" ("&'web survey'!G70&")") -> Jelas (5) | K72: =YEAR('web survey'!Z70)&"-"&IF(MONTH('web survey'!Z70)<10,"0"&MONTH('web survey'!Z70),MONTH('web survey'!Z70))&"-"&IF(DAY('web survey'!Z70)<10,"0"&DAY('web survey'!Z70),DAY('web survey'!Z70))&" "&IF(HOUR('web survey'!Z70)<10,"0"&HOUR('web survey'!Z70),HOUR('web survey'!Z70))&":"&IF(MINUTE('web survey'!Z70)<10,"0"&MINUTE('web survey'!Z70),MINUTE('web survey'!Z70))&(":00'") -> 2024-08-21 15:11:00' | N72: 69 | O72: FU-Z1-Eng | P72: 203902202 | Q72: Good (10) | S72: Very Good (10) | U72: Appropriate with SAP / in Warranty (10) | W72: Jelas (5) | X72: 21 Aug 2024 15:11
A73: =IF(B73="","",ROW()-COUNTBLANK($B$4:B73)-3) -> 70 | B73: ='web survey'!C71 -> FU-Z1-Eng | C73: ='web survey'!AA71 -> 203903396 | D73: =IF(B73="FU-ACInstall",VLOOKUP(VALUE('web survey'!D71),ref!$B$6:$C$7,2,0)&" ("&'web survey'!D71&")",VLOOKUP(VALUE('web survey'!D71),ref!$E$6:$F$10,2,0)&" ("&'web survey'!D71&")") -> Good (10) | E73: ='web survey'!S71 | F73: =IF(B73="FU-ACInstall",VLOOKUP(VALUE('web survey'!E71),ref!$B$10:$C$12,2,0)&" ("&'web survey'!E71&")",VLOOKUP(VALUE('web survey'!E71),ref!$E$13:$F$17,2,0)&" ("&'web survey'!E71&")") -> Good (5) | G73: ='web survey'!T71 | H73: =IF(B73="FU-ACInstall",VLOOKUP(VALUE('web survey'!F71),ref!$B$15:$C$17,2,0)&" ("&'web survey'!F71&")",VLOOKUP(VALUE('web survey'!F71),ref!$E$20:$F$21,2,0)&" ("&'web survey'!F71&")") -> Appropriate with SAP / in Warranty (10) | I73: ='web survey'!U71 | J73: =IF(B73="FU-ACInstall","-",VLOOKUP(VALUE('web survey'!G71),ref!$E$24:$F$26,2,0)&" ("&'web survey'!G71&")") -> Jelas (5) | K73: =YEAR('web survey'!Z71)&"-"&IF(MONTH('web survey'!Z71)<10,"0"&MONTH('web survey'!Z71),MONTH('web survey'!Z71))&"-"&IF(DAY('web survey'!Z71)<10,"0"&DAY('web survey'!Z71),DAY('web survey'!Z71))&" "&IF(HOUR('web survey'!Z71)<10,"0"&HOUR('web survey'!Z71),HOUR('web survey'!Z71))&":"&IF(MINUTE('web survey'!Z71)<10,"0"&MINUTE('web survey'!Z71),MINUTE('web survey'!Z71))&(":00'") -> 2024-08-21 15:11:00' | N73: 70 | O73: FU-Z1-Eng | P73: 203903396 | Q73: Good (10) | S73: Good (5) | U73: Appropriate with SAP / in Warranty (10) | W73: Jelas (5) | X73: 21 Aug 2024 15:11
A74: =IF(B74="","",ROW()-COUNTBLANK($B$4:B74)-3) -> 71 | B74: ='web survey'!C72 -> FU-Z1-Eng | C74: ='web survey'!AA72 -> 100890510 | D74: =IF(B74="FU-ACInstall",VLOOKUP(VALUE('web survey'!D72),ref!$B$6:$C$7,2,0)&" ("&'web survey'!D72&")",VLOOKUP(VALUE('web survey'!D72),ref!$E$6:$F$10,2,0)&" ("&'web survey'!D72&")") -> Good (10) | E74: ='web survey'!S72 | F74: =IF(B74="FU-ACInstall",VLOOKUP(VALUE('web survey'!E72),ref!$B$10:$C$12,2,0)&" ("&'web survey'!E72&")",VLOOKUP(VALUE('web survey'!E72),ref!$E$13:$F$17,2,0)&" ("&'web survey'!E72&")") -> Very Good (10) | G74: ='web survey'!T72 | H74: =IF(B74="FU-ACInstall",VLOOKUP(VALUE('web survey'!F72),ref!$B$15:$C$17,2,0)&" ("&'web survey'!F72&")",VLOOKUP(VALUE('web survey'!F72),ref!$E$20:$F$21,2,0)&" ("&'web survey'!F72&")") -> Different with SAP (-10) | I74: ='web survey'!U72 | J74: =IF(B74="FU-ACInstall","-",VLOOKUP(VALUE('web survey'!G72),ref!$E$24:$F$26,2,0)&" ("&'web survey'!G72&")") -> Jelas (5) | K74: =YEAR('web survey'!Z72)&"-"&IF(MONTH('web survey'!Z72)<10,"0"&MONTH('web survey'!Z72),MONTH('web survey'!Z72))&"-"&IF(DAY('web survey'!Z72)<10,"0"&DAY('web survey'!Z72),DAY('web survey'!Z72))&" "&IF(HOUR('web survey'!Z72)<10,"0"&HOUR('web survey'!Z72),HOUR('web survey'!Z72))&":"&IF(MINUTE('web survey'!Z72)<10,"0"&MINUTE('web survey'!Z72),MINUTE('web survey'!Z72))&(":00'") -> 2024-08-21 15:10:00' | N74: 71 | O74: FU-Z1-Eng | P74: 100890510 | Q74: Good (10) | S74: Very Good (10) | U74: Different with SAP (-10) | W74: Jelas (5) | X74: 21 Aug 2024 15:10
A75: =IF(B75="","",ROW()-COUNTBLANK($B$4:B75)-3) -> 72 | B75: ='web survey'!C73 -> FU-Z1-Eng | C75: ='web survey'!AA73 -> 203889749 | D75: =IF(B75="FU-ACInstall",VLOOKUP(VALUE('web survey'!D73),ref!$B$6:$C$7,2,0)&" ("&'web survey'!D73&")",VLOOKUP(VALUE('web survey'!D73),ref!$E$6:$F$10,2,0)&" ("&'web survey'!D73&")") -> Good (10) | E75: ='web survey'!S73 | F75: =IF(B75="FU-ACInstall",VLOOKUP(VALUE('web survey'!E73),ref!$B$10:$C$12,2,0)&" ("&'web survey'!E73&")",VLOOKUP(VALUE('web survey'!E73),ref!$E$13:$F$17,2,0)&" ("&'web survey'!E73&")") -> Very Good (10) | G75: ='web survey'!T73 | H75: =IF(B75="FU-ACInstall",VLOOKUP(VALUE('web survey'!F73),ref!$B$15:$C$17,2,0)&" ("&'web survey'!F73&")",VLOOKUP(VALUE('web survey'!F73),ref!$E$20:$F$21,2,0)&" ("&'web survey'!F73&")") -> Appropriate with SAP / in Warranty (10) | I75: ='web survey'!U73 | J75: =IF(B75="FU-ACInstall","-",VLOOKUP(VALUE('web survey'!G73),ref!$E$24:$F$26,2,0)&" ("&'web survey'!G73&")") -> Jelas (5) | K75: =YEAR('web survey'!Z73)&"-"&IF(MONTH('web survey'!Z73)<10,"0"&MONTH('web survey'!Z73),MONTH('web survey'!Z73))&"-"&IF(DAY('web survey'!Z73)<10,"0"&DAY('web survey'!Z73),DAY('web survey'!Z73))&" "&IF(HOUR('web survey'!Z73)<10,"0"&HOUR('web survey'!Z73),HOUR('web survey'!Z73))&":"&IF(MINUTE('web survey'!Z73)<10,"0"&MINUTE('web survey'!Z73),MINUTE('web survey'!Z73))&(":00'") -> 2024-08-21 15:10:00' | N75: 72 | O75: FU-Z1-Eng | P75: 203889749 | Q75: Good (10) | S75: Very Good (10) | U75: Appropriate with SAP / in Warranty (10) | W75: Jelas (5) | X75: 21 Aug 2024 15:10
A76: =IF(B76="","",ROW()-COUNTBLANK($B$4:B76)-3) -> 73 | B76: ='web survey'!C74 -> FU-Z1-Eng | C76: ='web survey'!AA74 -> 203909172 | D76: =IF(B76="FU-ACInstall",VLOOKUP(VALUE('web survey'!D74),ref!$B$6:$C$7,2,0)&" ("&'web survey'!D74&")",VLOOKUP(VALUE('web survey'!D74),ref!$E$6:$F$10,2,0)&" ("&'web survey'!D74&")") -> Good (10) | E76: ='web survey'!S74 | F76: =IF(B76="FU-ACInstall",VLOOKUP(VALUE('web survey'!E74),ref!$B$10:$C$12,2,0)&" ("&'web survey'!E74&")",VLOOKUP(VALUE('web survey'!E74),ref!$E$13:$F$17,2,0)&" ("&'web survey'!E74&")") -> Very Good (10) | G76: ='web survey'!T74 | H76: =IF(B76="FU-ACInstall",VLOOKUP(VALUE('web survey'!F74),ref!$B$15:$C$17,2,0)&" ("&'web survey'!F74&")",VLOOKUP(VALUE('web survey'!F74),ref!$E$20:$F$21,2,0)&" ("&'web survey'!F74&")") -> Appropriate with SAP / in Warranty (10) | I76: ='web survey'!U74 | J76: =IF(B76="FU-ACInstall","-",VLOOKUP(VALUE('web survey'!G74),ref!$E$24:$F$26,2,0)&" ("&'web survey'!G74&")") -> Jelas (5) | K76: =YEAR('web survey'!Z74)&"-"&IF(MONTH('web survey'!Z74)<10,"0"&MONTH('web survey'!Z74),MONTH('web survey'!Z74))&"-"&IF(DAY('web survey'!Z74)<10,"0"&DAY('web survey'!Z74),DAY('web survey'!Z74))&" "&IF(HOUR('web survey'!Z74)<10,"0"&HOUR('web survey'!Z74),HOUR('web survey'!Z74))&":"&IF(MINUTE('web survey'!Z74)<10,"0"&MINUTE('web survey'!Z74),MINUTE('web survey'!Z74))&(":00'") -> 2024-08-21 15:10:00' | N76: 73 | O76: FU-Z1-Eng | P76: 203909172 | Q76: Good (10) | S76: Very Good (10) | U76: Appropriate with SAP / in Warranty (10) | W76: Jelas (5) | X76: 21 Aug 2024 15:10
A77: =IF(B77="","",ROW()-COUNTBLANK($B$4:B77)-3) -> 74 | B77: ='web survey'!C75 -> FU-Z1-Eng | C77: ='web survey'!AA75 -> 1106A2406760 | D77: =IF(B77="FU-ACInstall",VLOOKUP(VALUE('web survey'!D75),ref!$B$6:$C$7,2,0)&" ("&'web survey'!D75&")",VLOOKUP(VALUE('web survey'!D75),ref!$E$6:$F$10,2,0)&" ("&'web survey'!D75&")") -> Good (10) | E77: ='web survey'!S75 | F77: =IF(B77="FU-ACInstall",VLOOKUP(VALUE('web survey'!E75),ref!$B$10:$C$12,2,0)&" ("&'web survey'!E75&")",VLOOKUP(VALUE('web survey'!E75),ref!$E$13:$F$17,2,0)&" ("&'web survey'!E75&")") -> Good (5) | G77: ='web survey'!T75 | H77: =IF(B77="FU-ACInstall",VLOOKUP(VALUE('web survey'!F75),ref!$B$15:$C$17,2,0)&" ("&'web survey'!F75&")",VLOOKUP(VALUE('web survey'!F75),ref!$E$20:$F$21,2,0)&" ("&'web survey'!F75&")") -> Appropriate with SAP / in Warranty (10) | I77: ='web survey'!U75 | J77: =IF(B77="FU-ACInstall","-",VLOOKUP(VALUE('web survey'!G75),ref!$E$24:$F$26,2,0)&" ("&'web survey'!G75&")") -> Jelas (5) | K77: =YEAR('web survey'!Z75)&"-"&IF(MONTH('web survey'!Z75)<10,"0"&MONTH('web survey'!Z75),MONTH('web survey'!Z75))&"-"&IF(DAY('web survey'!Z75)<10,"0"&DAY('web survey'!Z75),DAY('web survey'!Z75))&" "&IF(HOUR('web survey'!Z75)<10,"0"&HOUR('web survey'!Z75),HOUR('web survey'!Z75))&":"&IF(MINUTE('web survey'!Z75)<10,"0"&MINUTE('web survey'!Z75),MINUTE('web survey'!Z75))&(":00'") -> 2024-08-21 15:10:00' | N77: 74 | O77: FU-Z1-Eng | P77: 1106A2406760 | Q77: Good (10) | S77: Good (5) | U77: Appropriate with SAP / in Warranty (10) | W77: Jelas (5) | X77: 21 Aug 2024 15:10
A78: =IF(B78="","",ROW()-COUNTBLANK($B$4:B78)-3) -> 75 | B78: ='web survey'!C76 -> FU-Z1-Eng | C78: ='web survey'!AA76 -> 100890713 | D78: =IF(B78="FU-ACInstall",VLOOKUP(VALUE('web survey'!D76),ref!$B$6:$C$7,2,0)&" ("&'web survey'!D76&")",VLOOKUP(VALUE('web survey'!D76),ref!$E$6:$F$10,2,0)&" ("&'web survey'!D76&")") -> Not Good (-10) | E78: ='web survey'!S76 -> Masih rusak karena pimpinan tidak melanjutkan utk perbaikanny | F78: =IF(B78="FU-ACInstall",VLOOKUP(VALUE('web survey'!E76),ref!$B$10:$C$12,2,0)&" ("&'web survey'!E76&")",VLOOKUP(VALUE('web survey'!E76),ref!$E$13:$F$17,2,0)&" ("&'web survey'!E76&")") -> Very Good (10) | G78: ='web survey'!T76 | H78: =IF(B78="FU-ACInstall",VLOOKUP(VALUE('web survey'!F76),ref!$B$15:$C$17,2,0)&" ("&'web survey'!F76&")",VLOOKUP(VALUE('web survey'!F76),ref!$E$20:$F$21,2,0)&" ("&'web survey'!F76&")") -> Appropriate with SAP / in Warranty (10) | I78: ='web survey'!U76 | J78: =IF(B78="FU-ACInstall","-",VLOOKUP(VALUE('web survey'!G76),ref!$E$24:$F$26,2,0)&" ("&'web survey'!G76&")") -> Jelas (5) | K78: =YEAR('web survey'!Z76)&"-"&IF(MONTH('web survey'!Z76)<10,"0"&MONTH('web survey'!Z76),MONTH('web survey'!Z76))&"-"&IF(DAY('web survey'!Z76)<10,"0"&DAY('web survey'!Z76),DAY('web survey'!Z76))&" "&IF(HOUR('web survey'!Z76)<10,"0"&HOUR('web survey'!Z76),HOUR('web survey'!Z76))&":"&IF(MINUTE('web survey'!Z76)<10,"0"&MINUTE('web survey'!Z76),MINUTE('web survey'!Z76))&(":00'") -> 2024-08-21 15:09:00' | N78: 75 | O78: FU-Z1-Eng | P78: 100890713 | Q78: Not Good (-10) | R78: Masih rusak karena pimpinan tidak melanjutkan utk perbaikanny | S78: Very Good (10) | U78: Appropriate with SAP / in Warranty (10) | W78: Jelas (5) | X78: 21 Aug 2024 15:09
A79: =IF(B79="","",ROW()-COUNTBLANK($B$4:B79)-3) -> 76 | B79: ='web survey'!C77 -> FU-Z1-Eng | C79: ='web survey'!AA77 -> 100892861 | D79: =IF(B79="FU-ACInstall",VLOOKUP(VALUE('web survey'!D77),ref!$B$6:$C$7,2,0)&" ("&'web survey'!D77&")",VLOOKUP(VALUE('web survey'!D77),ref!$E$6:$F$10,2,0)&" ("&'web survey'!D77&")") -> Good (10) | E79: ='web survey'!S77 | F79: =IF(B79="FU-ACInstall",VLOOKUP(VALUE('web survey'!E77),ref!$B$10:$C$12,2,0)&" ("&'web survey'!E77&")",VLOOKUP(VALUE('web survey'!E77),ref!$E$13:$F$17,2,0)&" ("&'web survey'!E77&")") -> Good (5) | G79: ='web survey'!T77 | H79: =IF(B79="FU-ACInstall",VLOOKUP(VALUE('web survey'!F77),ref!$B$15:$C$17,2,0)&" ("&'web survey'!F77&")",VLOOKUP(VALUE('web survey'!F77),ref!$E$20:$F$21,2,0)&" ("&'web survey'!F77&")") -> Appropriate with SAP / in Warranty (10) | I79: ='web survey'!U77 | J79: =IF(B79="FU-ACInstall","-",VLOOKUP(VALUE('web survey'!G77),ref!$E$24:$F$26,2,0)&" ("&'web survey'!G77&")") -> Jelas (5) | K79: =YEAR('web survey'!Z77)&"-"&IF(MONTH('web survey'!Z77)<10,"0"&MONTH('web survey'!Z77),MONTH('web survey'!Z77))&"-"&IF(DAY('web survey'!Z77)<10,"0"&DAY('web survey'!Z77),DAY('web survey'!Z77))&" "&IF(HOUR('web survey'!Z77)<10,"0"&HOUR('web survey'!Z77),HOUR('web survey'!Z77))&":"&IF(MINUTE('web survey'!Z77)<10,"0"&MINUTE('web survey'!Z77),MINUTE('web survey'!Z77))&(":00'") -> 2024-08-21 15:09:00' | N79: 76 | O79: FU-Z1-Eng | P79: 100892861 | Q79: Good (10) | S79: Good (5) | U79: Appropriate with SAP / in Warranty (10) | W79: Jelas (5) | X79: 21 Aug 2024 15:09
A80: =IF(B80="","",ROW()-COUNTBLANK($B$4:B80)-3) -> 77 | B80: ='web survey'!C78 -> FU-Z1-Eng | C80: ='web survey'!AA78 -> 203907625 | D80: =IF(B80="FU-ACInstall",VLOOKUP(VALUE('web survey'!D78),ref!$B$6:$C$7,2,0)&" ("&'web survey'!D78&")",VLOOKUP(VALUE('web survey'!D78),ref!$E$6:$F$10,2,0)&" ("&'web survey'!D78&")") -> Good (10) | E80: ='web survey'!S78 | F80: =IF(B80="FU-ACInstall",VLOOKUP(VALUE('web survey'!E78),ref!$B$10:$C$12,2,0)&" ("&'web survey'!E78&")",VLOOKUP(VALUE('web survey'!E78),ref!$E$13:$F$17,2,0)&" ("&'web survey'!E78&")") -> Good (5) | G80: ='web survey'!T78 | H80: =IF(B80="FU-ACInstall",VLOOKUP(VALUE('web survey'!F78),ref!$B$15:$C$17,2,0)&" ("&'web survey'!F78&")",VLOOKUP(VALUE('web survey'!F78),ref!$E$20:$F$21,2,0)&" ("&'web survey'!F78&")") -> Appropriate with SAP / in Warranty (10) | I80: ='web survey'!U78 | J80: =IF(B80="FU-ACInstall","-",VLOOKUP(VALUE('web survey'!G78),ref!$E$24:$F$26,2,0)&" ("&'web survey'!G78&")") -> Jelas (5) | K80: =YEAR('web survey'!Z78)&"-"&IF(MONTH('web survey'!Z78)<10,"0"&MONTH('web survey'!Z78),MONTH('web survey'!Z78))&"-"&IF(DAY('web survey'!Z78)<10,"0"&DAY('web survey'!Z78),DAY('web survey'!Z78))&" "&IF(HOUR('web survey'!Z78)<10,"0"&HOUR('web survey'!Z78),HOUR('web survey'!Z78))&":"&IF(MINUTE('web survey'!Z78)<10,"0"&MINUTE('web survey'!Z78),MINUTE('web survey'!Z78))&(":00'") -> 2024-08-21 15:09:00' | N80: 77 | O80: FU-Z1-Eng | P80: 203907625 | Q80: Good (10) | S80: Good (5) | U80: Appropriate with SAP / in Warranty (10) | W80: Jelas (5) | X80: 21 Aug 2024 15:09
A81: =IF(B81="","",ROW()-COUNTBLANK($B$4:B81)-3) -> 78 | B81: ='web survey'!C79 -> FU-Z1-Eng | C81: ='web survey'!AA79 -> 203909175 | D81: =IF(B81="FU-ACInstall",VLOOKUP(VALUE('web survey'!D79),ref!$B$6:$C$7,2,0)&" ("&'web survey'!D79&")",VLOOKUP(VALUE('web survey'!D79),ref!$E$6:$F$10,2,0)&" ("&'web survey'!D79&")") -> Good (10) | E81: ='web survey'!S79 | F81: =IF(B81="FU-ACInstall",VLOOKUP(VALUE('web survey'!E79),ref!$B$10:$C$12,2,0)&" ("&'web survey'!E79&")",VLOOKUP(VALUE('web survey'!E79),ref!$E$13:$F$17,2,0)&" ("&'web survey'!E79&")") -> Good (5) | G81: ='web survey'!T79 | H81: =IF(B81="FU-ACInstall",VLOOKUP(VALUE('web survey'!F79),ref!$B$15:$C$17,2,0)&" ("&'web survey'!F79&")",VLOOKUP(VALUE('web survey'!F79),ref!$E$20:$F$21,2,0)&" ("&'web survey'!F79&")") -> Appropriate with SAP / in Warranty (10) | I81: ='web survey'!U79 | J81: =IF(B81="FU-ACInstall","-",VLOOKUP(VALUE('web survey'!G79),ref!$E$24:$F$26,2,0)&" ("&'web survey'!G79&")") -> Jelas (5) | K81: =YEAR('web survey'!Z79)&"-"&IF(MONTH('web survey'!Z79)<10,"0"&MONTH('web survey'!Z79),MONTH('web survey'!Z79))&"-"&IF(DAY('web survey'!Z79)<10,"0"&DAY('web survey'!Z79),DAY('web survey'!Z79))&" "&IF(HOUR('web survey'!Z79)<10,"0"&HOUR('web survey'!Z79),HOUR('web survey'!Z79))&":"&IF(MINUTE('web survey'!Z79)<10,"0"&MINUTE('web survey'!Z79),MINUTE('web survey'!Z79))&(":00'") -> 2024-08-21 15:09:00' | N81: 78 | O81: FU-Z1-Eng | P81: 203909175 | Q81: Good (10) | S81: Good (5) | U81: Appropriate with SAP / in Warranty (10) | W81: Jelas (5) | X81: 21 Aug 2024 15:09
A82: =IF(B82="","",ROW()-COUNTBLANK($B$4:B82)-3) -> 79 | B82: ='web survey'!C80 -> FU-Z1-Eng | C82: ='web survey'!AA80 -> 203909097 | D82: =IF(B82="FU-ACInstall",VLOOKUP(VALUE('web survey'!D80),ref!$B$6:$C$7,2,0)&" ("&'web survey'!D80&")",VLOOKUP(VALUE('web survey'!D80),ref!$E$6:$F$10,2,0)&" ("&'web survey'!D80&")") -> Good (10) | E82: ='web survey'!S80 | F82: =IF(B82="FU-ACInstall",VLOOKUP(VALUE('web survey'!E80),ref!$B$10:$C$12,2,0)&" ("&'web survey'!E80&")",VLOOKUP(VALUE('web survey'!E80),ref!$E$13:$F$17,2,0)&" ("&'web survey'!E80&")") -> Very Good (10) | G82: ='web survey'!T80 | H82: =IF(B82="FU-ACInstall",VLOOKUP(VALUE('web survey'!F80),ref!$B$15:$C$17,2,0)&" ("&'web survey'!F80&")",VLOOKUP(VALUE('web survey'!F80),ref!$E$20:$F$21,2,0)&" ("&'web survey'!F80&")") -> Appropriate with SAP / in Warranty (10) | I82: ='web survey'!U80 | J82: =IF(B82="FU-ACInstall","-",VLOOKUP(VALUE('web survey'!G80),ref!$E$24:$F$26,2,0)&" ("&'web survey'!G80&")") -> Jelas (5) | K82: =YEAR('web survey'!Z80)&"-"&IF(MONTH('web survey'!Z80)<10,"0"&MONTH('web survey'!Z80),MONTH('web survey'!Z80))&"-"&IF(DAY('web survey'!Z80)<10,"0"&DAY('web survey'!Z80),DAY('web survey'!Z80))&" "&IF(HOUR('web survey'!Z80)<10,"0"&HOUR('web survey'!Z80),HOUR('web survey'!Z80))&":"&IF(MINUTE('web survey'!Z80)<10,"0"&MINUTE('web survey'!Z80),MINUTE('web survey'!Z80))&(":00'") -> 2024-08-21 15:08:00' | N82: 79 | O82: FU-Z1-Eng | P82: 203909097 | Q82: Good (10) | S82: Very Good (10) | U82: Appropriate with SAP / in Warranty (10) | W82: Jelas (5) | X82: 21 Aug 2024 15:08
A83: =IF(B83="","",ROW()-COUNTBLANK($B$4:B83)-3) -> 80 | B83: ='web survey'!C81 -> FU-Z1-Eng | C83: ='web survey'!AA81 -> 203908998 | D83: =IF(B83="FU-ACInstall",VLOOKUP(VALUE('web survey'!D81),ref!$B$6:$C$7,2,0)&" ("&'web survey'!D81&")",VLOOKUP(VALUE('web survey'!D81),ref!$E$6:$F$10,2,0)&" ("&'web survey'!D81&")") -> Good (10) | E83: ='web survey'!S81 | F83: =IF(B83="FU-ACInstall",VLOOKUP(VALUE('web survey'!E81),ref!$B$10:$C$12,2,0)&" ("&'web survey'!E81&")",VLOOKUP(VALUE('web survey'!E81),ref!$E$13:$F$17,2,0)&" ("&'web survey'!E81&")") -> Very Good (10) | G83: ='web survey'!T81 | H83: =IF(B83="FU-ACInstall",VLOOKUP(VALUE('web survey'!F81),ref!$B$15:$C$17,2,0)&" ("&'web survey'!F81&")",VLOOKUP(VALUE('web survey'!F81),ref!$E$20:$F$21,2,0)&" ("&'web survey'!F81&")") -> Appropriate with SAP / in Warranty (10) | I83: ='web survey'!U81 | J83: =IF(B83="FU-ACInstall","-",VLOOKUP(VALUE('web survey'!G81),ref!$E$24:$F$26,2,0)&" ("&'web survey'!G81&")") -> Jelas (5) | K83: =YEAR('web survey'!Z81)&"-"&IF(MONTH('web survey'!Z81)<10,"0"&MONTH('web survey'!Z81),MONTH('web survey'!Z81))&"-"&IF(DAY('web survey'!Z81)<10,"0"&DAY('web survey'!Z81),DAY('web survey'!Z81))&" "&IF(HOUR('web survey'!Z81)<10,"0"&HOUR('web survey'!Z81),HOUR('web survey'!Z81))&":"&IF(MINUTE('web survey'!Z81)<10,"0"&MINUTE('web survey'!Z81),MINUTE('web survey'!Z81))&(":00'") -> 2024-08-21 15:08:00' | N83: 80 | O83: FU-Z1-Eng | P83: 203908998 | Q83: Good (10) | S83: Very Good (10) | U83: Appropriate with SAP / in Warranty (10) | W83: Jelas (5) | X83: 21 Aug 2024 15:08
A84: =IF(B84="","",ROW()-COUNTBLANK($B$4:B84)-3) -> 81 | B84: ='web survey'!C82 -> FU-Z1-Eng | C84: ='web survey'!AA82 -> 1100311918 | D84: =IF(B84="FU-ACInstall",VLOOKUP(VALUE('web survey'!D82),ref!$B$6:$C$7,2,0)&" ("&'web survey'!D82&")",VLOOKUP(VALUE('web survey'!D82),ref!$E$6:$F$10,2,0)&" ("&'web survey'!D82&")") -> Good (10) | E84: ='web survey'!S82 | F84: =IF(B84="FU-ACInstall",VLOOKUP(VALUE('web survey'!E82),ref!$B$10:$C$12,2,0)&" ("&'web survey'!E82&")",VLOOKUP(VALUE('web survey'!E82),ref!$E$13:$F$17,2,0)&" ("&'web survey'!E82&")") -> Very Good (10) | G84: ='web survey'!T82 | H84: =IF(B84="FU-ACInstall",VLOOKUP(VALUE('web survey'!F82),ref!$B$15:$C$17,2,0)&" ("&'web survey'!F82&")",VLOOKUP(VALUE('web survey'!F82),ref!$E$20:$F$21,2,0)&" ("&'web survey'!F82&")") -> Appropriate with SAP / in Warranty (10) | I84: ='web survey'!U82 | J84: =IF(B84="FU-ACInstall","-",VLOOKUP(VALUE('web survey'!G82),ref!$E$24:$F$26,2,0)&" ("&'web survey'!G82&")") -> Jelas (5) | K84: =YEAR('web survey'!Z82)&"-"&IF(MONTH('web survey'!Z82)<10,"0"&MONTH('web survey'!Z82),MONTH('web survey'!Z82))&"-"&IF(DAY('web survey'!Z82)<10,"0"&DAY('web survey'!Z82),DAY('web survey'!Z82))&" "&IF(HOUR('web survey'!Z82)<10,"0"&HOUR('web survey'!Z82),HOUR('web survey'!Z82))&":"&IF(MINUTE('web survey'!Z82)<10,"0"&MINUTE('web survey'!Z82),MINUTE('web survey'!Z82))&(":00'") -> 2024-08-21 15:08:00' | N84: 81 | O84: FU-Z1-Eng | P84: 1100311918 | Q84: Good (10) | S84: Very Good (10) | U84: Appropriate with SAP / in Warranty (10) | W84: Jelas (5) | X84: 21 Aug 2024 15:08
A85: =IF(B85="","",ROW()-COUNTBLANK($B$4:B85)-3) -> 82 | B85: ='web survey'!C83 -> FU-Z1-Eng | C85: ='web survey'!AA83 -> 1100312301 | D85: =IF(B85="FU-ACInstall",VLOOKUP(VALUE('web survey'!D83),ref!$B$6:$C$7,2,0)&" ("&'web survey'!D83&")",VLOOKUP(VALUE('web survey'!D83),ref!$E$6:$F$10,2,0)&" ("&'web survey'!D83&")") -> Good (10) | E85: ='web survey'!S83 | F85: =IF(B85="FU-ACInstall",VLOOKUP(VALUE('web survey'!E83),ref!$B$10:$C$12,2,0)&" ("&'web survey'!E83&")",VLOOKUP(VALUE('web survey'!E83),ref!$E$13:$F$17,2,0)&" ("&'web survey'!E83&")") -> Good (5) | G85: ='web survey'!T83 | H85: =IF(B85="FU-ACInstall",VLOOKUP(VALUE('web survey'!F83),ref!$B$15:$C$17,2,0)&" ("&'web survey'!F83&")",VLOOKUP(VALUE('web survey'!F83),ref!$E$20:$F$21,2,0)&" ("&'web survey'!F83&")") -> Appropriate with SAP / in Warranty (10) | I85: ='web survey'!U83 | J85: =IF(B85="FU-ACInstall","-",VLOOKUP(VALUE('web survey'!G83),ref!$E$24:$F$26,2,0)&" ("&'web survey'!G83&")") -> Jelas (5) | K85: =YEAR('web survey'!Z83)&"-"&IF(MONTH('web survey'!Z83)<10,"0"&MONTH('web survey'!Z83),MONTH('web survey'!Z83))&"-"&IF(DAY('web survey'!Z83)<10,"0"&DAY('web survey'!Z83),DAY('web survey'!Z83))&" "&IF(HOUR('web survey'!Z83)<10,"0"&HOUR('web survey'!Z83),HOUR('web survey'!Z83))&":"&IF(MINUTE('web survey'!Z83)<10,"0"&MINUTE('web survey'!Z83),MINUTE('web survey'!Z83))&(":00'") -> 2024-08-21 15:08:00' | N85: 82 | O85: FU-Z1-Eng | P85: 1100312301 | Q85: Good (10) | S85: Good (5) | U85: Appropriate with SAP / in Warranty (10) | W85: Jelas (5) | X85: 21 Aug 2024 15:08
A86: =IF(B86="","",ROW()-COUNTBLANK($B$4:B86)-3) -> 83 | B86: ='web survey'!C84 -> FU-Z1-Eng | C86: ='web survey'!AA84 -> 203907857 | D86: =IF(B86="FU-ACInstall",VLOOKUP(VALUE('web survey'!D84),ref!$B$6:$C$7,2,0)&" ("&'web survey'!D84&")",VLOOKUP(VALUE('web survey'!D84),ref!$E$6:$F$10,2,0)&" ("&'web survey'!D84&")") -> Good (10) | E86: ='web survey'!S84 | F86: =IF(B86="FU-ACInstall",VLOOKUP(VALUE('web survey'!E84),ref!$B$10:$C$12,2,0)&" ("&'web survey'!E84&")",VLOOKUP(VALUE('web survey'!E84),ref!$E$13:$F$17,2,0)&" ("&'web survey'!E84&")") -> Very Good (10) | G86: ='web survey'!T84 | H86: =IF(B86="FU-ACInstall",VLOOKUP(VALUE('web survey'!F84),ref!$B$15:$C$17,2,0)&" ("&'web survey'!F84&")",VLOOKUP(VALUE('web survey'!F84),ref!$E$20:$F$21,2,0)&" ("&'web survey'!F84&")") -> Different with SAP (-10) | I86: ='web survey'!U84 | J86: =IF(B86="FU-ACInstall","-",VLOOKUP(VALUE('web survey'!G84),ref!$E$24:$F$26,2,0)&" ("&'web survey'!G84&")") -> Jelas (5) | K86: =YEAR('web survey'!Z84)&"-"&IF(MONTH('web survey'!Z84)<10,"0"&MONTH('web survey'!Z84),MONTH('web survey'!Z84))&"-"&IF(DAY('web survey'!Z84)<10,"0"&DAY('web survey'!Z84),DAY('web survey'!Z84))&" "&IF(HOUR('web survey'!Z84)<10,"0"&HOUR('web survey'!Z84),HOUR('web survey'!Z84))&":"&IF(MINUTE('web survey'!Z84)<10,"0"&MINUTE('web survey'!Z84),MINUTE('web survey'!Z84))&(":00'") -> 2024-08-21 15:08:00' | N86: 83 | O86: FU-Z1-Eng | P86: 203907857 | Q86: Good (10) | S86: Very Good (10) | U86: Different with SAP (-10) | W86: Jelas (5) | X86: 21 Aug 2024 15:08
A87: =IF(B87="","",ROW()-COUNTBLANK($B$4:B87)-3) -> 84 | B87: ='web survey'!C85 -> FU-Z1-Eng | C87: ='web survey'!AA85 -> 203907303 | D87: =IF(B87="FU-ACInstall",VLOOKUP(VALUE('web survey'!D85),ref!$B$6:$C$7,2,0)&" ("&'web survey'!D85&")",VLOOKUP(VALUE('web survey'!D85),ref!$E$6:$F$10,2,0)&" ("&'web survey'!D85&")") -> Good (10) | E87: ='web survey'!S85 | F87: =IF(B87="FU-ACInstall",VLOOKUP(VALUE('web survey'!E85),ref!$B$10:$C$12,2,0)&" ("&'web survey'!E85&")",VLOOKUP(VALUE('web survey'!E85),ref!$E$13:$F$17,2,0)&" ("&'web survey'!E85&")") -> Good (5) | G87: ='web survey'!T85 | H87: =IF(B87="FU-ACInstall",VLOOKUP(VALUE('web survey'!F85),ref!$B$15:$C$17,2,0)&" ("&'web survey'!F85&")",VLOOKUP(VALUE('web survey'!F85),ref!$E$20:$F$21,2,0)&" ("&'web survey'!F85&")") -> Appropriate with SAP / in Warranty (10) | I87: ='web survey'!U85 | J87: =IF(B87="FU-ACInstall","-",VLOOKUP(VALUE('web survey'!G85),ref!$E$24:$F$26,2,0)&" ("&'web survey'!G85&")") -> Jelas (5) | K87: =YEAR('web survey'!Z85)&"-"&IF(MONTH('web survey'!Z85)<10,"0"&MONTH('web survey'!Z85),MONTH('web survey'!Z85))&"-"&IF(DAY('web survey'!Z85)<10,"0"&DAY('web survey'!Z85),DAY('web survey'!Z85))&" "&IF(HOUR('web survey'!Z85)<10,"0"&HOUR('web survey'!Z85),HOUR('web survey'!Z85))&":"&IF(MINUTE('web survey'!Z85)<10,"0"&MINUTE('web survey'!Z85),MINUTE('web survey'!Z85))&(":00'") -> 2024-08-21 15:08:00' | N87: 84 | O87: FU-Z1-Eng | P87: 203907303 | Q87: Good (10) | S87: Good (5) | U87: Appropriate with SAP / in Warranty (10) | W87: Jelas (5) | X87: 21 Aug 2024 15:08
A88: =IF(B88="","",ROW()-COUNTBLANK($B$4:B88)-3) -> 85 | B88: ='web survey'!C86 -> FU-Z1-Eng | C88: ='web survey'!AA86 -> 203907119 | D88: =IF(B88="FU-ACInstall",VLOOKUP(VALUE('web survey'!D86),ref!$B$6:$C$7,2,0)&" ("&'web survey'!D86&")",VLOOKUP(VALUE('web survey'!D86),ref!$E$6:$F$10,2,0)&" ("&'web survey'!D86&")") -> Good (10) | E88: ='web survey'!S86 | F88: =IF(B88="FU-ACInstall",VLOOKUP(VALUE('web survey'!E86),ref!$B$10:$C$12,2,0)&" ("&'web survey'!E86&")",VLOOKUP(VALUE('web survey'!E86),ref!$E$13:$F$17,2,0)&" ("&'web survey'!E86&")") -> Very Good (10) | G88: ='web survey'!T86 | H88: =IF(B88="FU-ACInstall",VLOOKUP(VALUE('web survey'!F86),ref!$B$15:$C$17,2,0)&" ("&'web survey'!F86&")",VLOOKUP(VALUE('web survey'!F86),ref!$E$20:$F$21,2,0)&" ("&'web survey'!F86&")") -> Appropriate with SAP / in Warranty (10) | I88: ='web survey'!U86 | J88: =IF(B88="FU-ACInstall","-",VLOOKUP(VALUE('web survey'!G86),ref!$E$24:$F$26,2,0)&" ("&'web survey'!G86&")") -> Jelas (5) | K88: =YEAR('web survey'!Z86)&"-"&IF(MONTH('web survey'!Z86)<10,"0"&MONTH('web survey'!Z86),MONTH('web survey'!Z86))&"-"&IF(DAY('web survey'!Z86)<10,"0"&DAY('web survey'!Z86),DAY('web survey'!Z86))&" "&IF(HOUR('web survey'!Z86)<10,"0"&HOUR('web survey'!Z86),HOUR('web survey'!Z86))&":"&IF(MINUTE('web survey'!Z86)<10,"0"&MINUTE('web survey'!Z86),MINUTE('web survey'!Z86))&(":00'") -> 2024-08-21 15:07:00' | N88: 85 | O88: FU-Z1-Eng | P88: 203907119 | Q88: Good (10) | S88: Very Good (10) | U88: Appropriate with SAP / in Warranty (10) | W88: Jelas (5) | X88: 21 Aug 2024 15:07
A89: =IF(B89="","",ROW()-COUNTBLANK($B$4:B89)-3) -> 86 | B89: ='web survey'!C87 -> FU-Z1-Eng | C89: ='web survey'!AA87 -> 203907813 | D89: =IF(B89="FU-ACInstall",VLOOKUP(VALUE('web survey'!D87),ref!$B$6:$C$7,2,0)&" ("&'web survey'!D87&")",VLOOKUP(VALUE('web survey'!D87),ref!$E$6:$F$10,2,0)&" ("&'web survey'!D87&")") -> Good (10) | E89: ='web survey'!S87 | F89: =IF(B89="FU-ACInstall",VLOOKUP(VALUE('web survey'!E87),ref!$B$10:$C$12,2,0)&" ("&'web survey'!E87&")",VLOOKUP(VALUE('web survey'!E87),ref!$E$13:$F$17,2,0)&" ("&'web survey'!E87&")") -> Very Good (10) | G89: ='web survey'!T87 | H89: =IF(B89="FU-ACInstall",VLOOKUP(VALUE('web survey'!F87),ref!$B$15:$C$17,2,0)&" ("&'web survey'!F87&")",VLOOKUP(VALUE('web survey'!F87),ref!$E$20:$F$21,2,0)&" ("&'web survey'!F87&")") -> Appropriate with SAP / in Warranty (10) | I89: ='web survey'!U87 | J89: =IF(B89="FU-ACInstall","-",VLOOKUP(VALUE('web survey'!G87),ref!$E$24:$F$26,2,0)&" ("&'web survey'!G87&")") -> Jelas (5) | K89: =YEAR('web survey'!Z87)&"-"&IF(MONTH('web survey'!Z87)<10,"0"&MONTH('web survey'!Z87),MONTH('web survey'!Z87))&"-"&IF(DAY('web survey'!Z87)<10,"0"&DAY('web survey'!Z87),DAY('web survey'!Z87))&" "&IF(HOUR('web survey'!Z87)<10,"0"&HOUR('web survey'!Z87),HOUR('web survey'!Z87))&":"&IF(MINUTE('web survey'!Z87)<10,"0"&MINUTE('web survey'!Z87),MINUTE('web survey'!Z87))&(":00'") -> 2024-08-21 15:07:00' | N89: 86 | O89: FU-Z1-Eng | P89: 203907813 | Q89: Good (10) | S89: Very Good (10) | U89: Appropriate with SAP / in Warranty (10) | W89: Jelas (5) | X89: 21 Aug 2024 15:07
A90: =IF(B90="","",ROW()-COUNTBLANK($B$4:B90)-3) -> 87 | B90: ='web survey'!C88 -> FU-Z1-Eng | C90: ='web survey'!AA88 -> 203891979 | D90: =IF(B90="FU-ACInstall",VLOOKUP(VALUE('web survey'!D88),ref!$B$6:$C$7,2,0)&" ("&'web survey'!D88&")",VLOOKUP(VALUE('web survey'!D88),ref!$E$6:$F$10,2,0)&" ("&'web survey'!D88&")") -> Good (10) | E90: ='web survey'!S88 | F90: =IF(B90="FU-ACInstall",VLOOKUP(VALUE('web survey'!E88),ref!$B$10:$C$12,2,0)&" ("&'web survey'!E88&")",VLOOKUP(VALUE('web survey'!E88),ref!$E$13:$F$17,2,0)&" ("&'web survey'!E88&")") -> Very Good (10) | G90: ='web survey'!T88 | H90: =IF(B90="FU-ACInstall",VLOOKUP(VALUE('web survey'!F88),ref!$B$15:$C$17,2,0)&" ("&'web survey'!F88&")",VLOOKUP(VALUE('web survey'!F88),ref!$E$20:$F$21,2,0)&" ("&'web survey'!F88&")") -> Appropriate with SAP / in Warranty (10) | I90: ='web survey'!U88 | J90: =IF(B90="FU-ACInstall","-",VLOOKUP(VALUE('web survey'!G88),ref!$E$24:$F$26,2,0)&" ("&'web survey'!G88&")") -> #N/A | K90: =YEAR('web survey'!Z88)&"-"&IF(MONTH('web survey'!Z88)<10,"0"&MONTH('web survey'!Z88),MONTH('web survey'!Z88))&"-"&IF(DAY('web survey'!Z88)<10,"0"&DAY('web survey'!Z88),DAY('web survey'!Z88))&" "&IF(HOUR('web survey'!Z88)<10,"0"&HOUR('web survey'!Z88),HOUR('web survey'!Z88))&":"&IF(MINUTE('web survey'!Z88)<10,"0"&MINUTE('web survey'!Z88),MINUTE('web survey'!Z88))&(":00'") -> 2024-08-21 15:07:00' | N90: 87 | O90: FU-Z1-Eng | P90: 203891979 | Q90: Good (10) | S90: Very Good (10) | U90: Appropriate with SAP / in Warranty (10) | W90: #N/A | X90: 21 Aug 2024 15:07
A91: =IF(B91="","",ROW()-COUNTBLANK($B$4:B91)-3) -> 88 | B91: ='web survey'!C89 -> FU-Z1-Eng | C91: ='web survey'!AA89 -> 203894499 | D91: =IF(B91="FU-ACInstall",VLOOKUP(VALUE('web survey'!D89),ref!$B$6:$C$7,2,0)&" ("&'web survey'!D89&")",VLOOKUP(VALUE('web survey'!D89),ref!$E$6:$F$10,2,0)&" ("&'web survey'!D89&")") -> Good (10) | E91: ='web survey'!S89 | F91: =IF(B91="FU-ACInstall",VLOOKUP(VALUE('web survey'!E89),ref!$B$10:$C$12,2,0)&" ("&'web survey'!E89&")",VLOOKUP(VALUE('web survey'!E89),ref!$E$13:$F$17,2,0)&" ("&'web survey'!E89&")") -> Very Good (10) | G91: ='web survey'!T89 | H91: =IF(B91="FU-ACInstall",VLOOKUP(VALUE('web survey'!F89),ref!$B$15:$C$17,2,0)&" ("&'web survey'!F89&")",VLOOKUP(VALUE('web survey'!F89),ref!$E$20:$F$21,2,0)&" ("&'web survey'!F89&")") -> Appropriate with SAP / in Warranty (10) | I91: ='web survey'!U89 | J91: =IF(B91="FU-ACInstall","-",VLOOKUP(VALUE('web survey'!G89),ref!$E$24:$F$26,2,0)&" ("&'web survey'!G89&")") -> Jelas (5) | K91: =YEAR('web survey'!Z89)&"-"&IF(MONTH('web survey'!Z89)<10,"0"&MONTH('web survey'!Z89),MONTH('web survey'!Z89))&"-"&IF(DAY('web survey'!Z89)<10,"0"&DAY('web survey'!Z89),DAY('web survey'!Z89))&" "&IF(HOUR('web survey'!Z89)<10,"0"&HOUR('web survey'!Z89),HOUR('web survey'!Z89))&":"&IF(MINUTE('web survey'!Z89)<10,"0"&MINUTE('web survey'!Z89),MINUTE('web survey'!Z89))&(":00'") -> 2024-08-21 15:06:00' | N91: 88 | O91: FU-Z1-Eng | P91: 203894499 | Q91: Good (10) | S91: Very Good (10) | U91: Appropriate with SAP / in Warranty (10) | W91: Jelas (5) | X91: 21 Aug 2024 15:06
A92: =IF(B92="","",ROW()-COUNTBLANK($B$4:B92)-3) -> 89 | B92: ='web survey'!C90 -> FU-Z1-Eng | C92: ='web survey'!AA90 -> 1100312382 | D92: =IF(B92="FU-ACInstall",VLOOKUP(VALUE('web survey'!D90),ref!$B$6:$C$7,2,0)&" ("&'web survey'!D90&")",VLOOKUP(VALUE('web survey'!D90),ref!$E$6:$F$10,2,0)&" ("&'web survey'!D90&")") -> Good (10) | E92: ='web survey'!S90 | F92: =IF(B92="FU-ACInstall",VLOOKUP(VALUE('web survey'!E90),ref!$B$10:$C$12,2,0)&" ("&'web survey'!E90&")",VLOOKUP(VALUE('web survey'!E90),ref!$E$13:$F$17,2,0)&" ("&'web survey'!E90&")") -> Very Good (10) | G92: ='web survey'!T90 | H92: =IF(B92="FU-ACInstall",VLOOKUP(VALUE('web survey'!F90),ref!$B$15:$C$17,2,0)&" ("&'web survey'!F90&")",VLOOKUP(VALUE('web survey'!F90),ref!$E$20:$F$21,2,0)&" ("&'web survey'!F90&")") -> Appropriate with SAP / in Warranty (10) | I92: ='web survey'!U90 | J92: =IF(B92="FU-ACInstall","-",VLOOKUP(VALUE('web survey'!G90),ref!$E$24:$F$26,2,0)&" ("&'web survey'!G90&")") -> Jelas (5) | K92: =YEAR('web survey'!Z90)&"-"&IF(MONTH('web survey'!Z90)<10,"0"&MONTH('web survey'!Z90),MONTH('web survey'!Z90))&"-"&IF(DAY('web survey'!Z90)<10,"0"&DAY('web survey'!Z90),DAY('web survey'!Z90))&" "&IF(HOUR('web survey'!Z90)<10,"0"&HOUR('web survey'!Z90),HOUR('web survey'!Z90))&":"&IF(MINUTE('web survey'!Z90)<10,"0"&MINUTE('web survey'!Z90),MINUTE('web survey'!Z90))&(":00'") -> 2024-08-21 15:06:00' | N92: 89 | O92: FU-Z1-Eng | P92: 1100312382 | Q92: Good (10) | S92: Very Good (10) | U92: Appropriate with SAP / in Warranty (10) | W92: Jelas (5) | X92: 21 Aug 2024 15:06
A93: =IF(B93="","",ROW()-COUNTBLANK($B$4:B93)-3) -> 90 | B93: ='web survey'!C91 -> FU-Z1-Eng | C93: ='web survey'!AA91 -> 100893764 | D93: =IF(B93="FU-ACInstall",VLOOKUP(VALUE('web survey'!D91),ref!$B$6:$C$7,2,0)&" ("&'web survey'!D91&")",VLOOKUP(VALUE('web survey'!D91),ref!$E$6:$F$10,2,0)&" ("&'web survey'!D91&")") -> Good (10) | E93: ='web survey'!S91 | F93: =IF(B93="FU-ACInstall",VLOOKUP(VALUE('web survey'!E91),ref!$B$10:$C$12,2,0)&" ("&'web survey'!E91&")",VLOOKUP(VALUE('web survey'!E91),ref!$E$13:$F$17,2,0)&" ("&'web survey'!E91&")") -> Very Good (10) | G93: ='web survey'!T91 | H93: =IF(B93="FU-ACInstall",VLOOKUP(VALUE('web survey'!F91),ref!$B$15:$C$17,2,0)&" ("&'web survey'!F91&")",VLOOKUP(VALUE('web survey'!F91),ref!$E$20:$F$21,2,0)&" ("&'web survey'!F91&")") -> Appropriate with SAP / in Warranty (10) | I93: ='web survey'!U91 | J93: =IF(B93="FU-ACInstall","-",VLOOKUP(VALUE('web survey'!G91),ref!$E$24:$F$26,2,0)&" ("&'web survey'!G91&")") -> Jelas (5) | K93: =YEAR('web survey'!Z91)&"-"&IF(MONTH('web survey'!Z91)<10,"0"&MONTH('web survey'!Z91),MONTH('web survey'!Z91))&"-"&IF(DAY('web survey'!Z91)<10,"0"&DAY('web survey'!Z91),DAY('web survey'!Z91))&" "&IF(HOUR('web survey'!Z91)<10,"0"&HOUR('web survey'!Z91),HOUR('web survey'!Z91))&":"&IF(MINUTE('web survey'!Z91)<10,"0"&MINUTE('web survey'!Z91),MINUTE('web survey'!Z91))&(":00'") -> 2024-08-21 15:05:00' | N93: 90 | O93: FU-Z1-Eng | P93: 100893764 | Q93: Good (10) | S93: Very Good (10) | U93: Appropriate with SAP / in Warranty (10) | W93: Jelas (5) | X93: 21 Aug 2024 15:05
A94: =IF(B94="","",ROW()-COUNTBLANK($B$4:B94)-3) -> 91 | B94: ='web survey'!C92 -> FU-Z1-Eng | C94: ='web survey'!AA92 -> 203902432 | D94: =IF(B94="FU-ACInstall",VLOOKUP(VALUE('web survey'!D92),ref!$B$6:$C$7,2,0)&" ("&'web survey'!D92&")",VLOOKUP(VALUE('web survey'!D92),ref!$E$6:$F$10,2,0)&" ("&'web survey'!D92&")") -> Good (10) | E94: ='web survey'!S92 | F94: =IF(B94="FU-ACInstall",VLOOKUP(VALUE('web survey'!E92),ref!$B$10:$C$12,2,0)&" ("&'web survey'!E92&")",VLOOKUP(VALUE('web survey'!E92),ref!$E$13:$F$17,2,0)&" ("&'web survey'!E92&")") -> Good (5) | G94: ='web survey'!T92 | H94: =IF(B94="FU-ACInstall",VLOOKUP(VALUE('web survey'!F92),ref!$B$15:$C$17,2,0)&" ("&'web survey'!F92&")",VLOOKUP(VALUE('web survey'!F92),ref!$E$20:$F$21,2,0)&" ("&'web survey'!F92&")") -> Appropriate with SAP / in Warranty (10) | I94: ='web survey'!U92 | J94: =IF(B94="FU-ACInstall","-",VLOOKUP(VALUE('web survey'!G92),ref!$E$24:$F$26,2,0)&" ("&'web survey'!G92&")") -> Jelas (5) | K94: =YEAR('web survey'!Z92)&"-"&IF(MONTH('web survey'!Z92)<10,"0"&MONTH('web survey'!Z92),MONTH('web survey'!Z92))&"-"&IF(DAY('web survey'!Z92)<10,"0"&DAY('web survey'!Z92),DAY('web survey'!Z92))&" "&IF(HOUR('web survey'!Z92)<10,"0"&HOUR('web survey'!Z92),HOUR('web survey'!Z92))&":"&IF(MINUTE('web survey'!Z92)<10,"0"&MINUTE('web survey'!Z92),MINUTE('web survey'!Z92))&(":00'") -> 2024-08-21 15:05:00' | N94: 91 | O94: FU-Z1-Eng | P94: 203902432 | Q94: Good (10) | S94: Good (5) | U94: Appropriate with SAP / in Warranty (10) | W94: Jelas (5) | X94: 21 Aug 2024 15:05
A95: =IF(B95="","",ROW()-COUNTBLANK($B$4:B95)-3) -> 92 | B95: ='web survey'!C93 -> FU-Z1-Eng | C95: ='web survey'!AA93 -> 203906888 | D95: =IF(B95="FU-ACInstall",VLOOKUP(VALUE('web survey'!D93),ref!$B$6:$C$7,2,0)&" ("&'web survey'!D93&")",VLOOKUP(VALUE('web survey'!D93),ref!$E$6:$F$10,2,0)&" ("&'web survey'!D93&")") -> Not Good (-10) | E95: ='web survey'!S93 | F95: =IF(B95="FU-ACInstall",VLOOKUP(VALUE('web survey'!E93),ref!$B$10:$C$12,2,0)&" ("&'web survey'!E93&")",VLOOKUP(VALUE('web survey'!E93),ref!$E$13:$F$17,2,0)&" ("&'web survey'!E93&")") -> Bad (-10) | G95: ='web survey'!T93 | H95: =IF(B95="FU-ACInstall",VLOOKUP(VALUE('web survey'!F93),ref!$B$15:$C$17,2,0)&" ("&'web survey'!F93&")",VLOOKUP(VALUE('web survey'!F93),ref!$E$20:$F$21,2,0)&" ("&'web survey'!F93&")") -> Different with SAP (-10) | I95: ='web survey'!U93 | J95: =IF(B95="FU-ACInstall","-",VLOOKUP(VALUE('web survey'!G93),ref!$E$24:$F$26,2,0)&" ("&'web survey'!G93&")") -> Kurang jelas (3) | K95: =YEAR('web survey'!Z93)&"-"&IF(MONTH('web survey'!Z93)<10,"0"&MONTH('web survey'!Z93),MONTH('web survey'!Z93))&"-"&IF(DAY('web survey'!Z93)<10,"0"&DAY('web survey'!Z93),DAY('web survey'!Z93))&" "&IF(HOUR('web survey'!Z93)<10,"0"&HOUR('web survey'!Z93),HOUR('web survey'!Z93))&":"&IF(MINUTE('web survey'!Z93)<10,"0"&MINUTE('web survey'!Z93),MINUTE('web survey'!Z93))&(":00'") -> 2024-08-21 15:04:00' | N95: 92 | O95: FU-Z1-Eng | P95: 203906888 | Q95: Not Good (-10) | S95: Bad (-10) | U95: Different with SAP (-10) | W95: Kurang jelas (3) | X95: 21 Aug 2024 15:04
A96: =IF(B96="","",ROW()-COUNTBLANK($B$4:B96)-3) -> 93 | B96: ='web survey'!C94 -> FU-Z1-Eng | C96: ='web survey'!AA94 -> 1100311803 | D96: =IF(B96="FU-ACInstall",VLOOKUP(VALUE('web survey'!D94),ref!$B$6:$C$7,2,0)&" ("&'web survey'!D94&")",VLOOKUP(VALUE('web survey'!D94),ref!$E$6:$F$10,2,0)&" ("&'web survey'!D94&")") -> Good (10) | E96: ='web survey'!S94 | F96: =IF(B96="FU-ACInstall",VLOOKUP(VALUE('web survey'!E94),ref!$B$10:$C$12,2,0)&" ("&'web survey'!E94&")",VLOOKUP(VALUE('web survey'!E94),ref!$E$13:$F$17,2,0)&" ("&'web survey'!E94&")") -> Very Good (10) | G96: ='web survey'!T94 | H96: =IF(B96="FU-ACInstall",VLOOKUP(VALUE('web survey'!F94),ref!$B$15:$C$17,2,0)&" ("&'web survey'!F94&")",VLOOKUP(VALUE('web survey'!F94),ref!$E$20:$F$21,2,0)&" ("&'web survey'!F94&")") -> Appropriate with SAP / in Warranty (10) | I96: ='web survey'!U94 | J96: =IF(B96="FU-ACInstall","-",VLOOKUP(VALUE('web survey'!G94),ref!$E$24:$F$26,2,0)&" ("&'web survey'!G94&")") -> Jelas (5) | K96: =YEAR('web survey'!Z94)&"-"&IF(MONTH('web survey'!Z94)<10,"0"&MONTH('web survey'!Z94),MONTH('web survey'!Z94))&"-"&IF(DAY('web survey'!Z94)<10,"0"&DAY('web survey'!Z94),DAY('web survey'!Z94))&" "&IF(HOUR('web survey'!Z94)<10,"0"&HOUR('web survey'!Z94),HOUR('web survey'!Z94))&":"&IF(MINUTE('web survey'!Z94)<10,"0"&MINUTE('web survey'!Z94),MINUTE('web survey'!Z94))&(":00'") -> 2024-08-21 15:04:00' | N96: 93 | O96: FU-Z1-Eng | P96: 1100311803 | Q96: Good (10) | S96: Very Good (10) | U96: Appropriate with SAP / in Warranty (10) | W96: Jelas (5) | X96: 21 Aug 2024 15:04
A97: =IF(B97="","",ROW()-COUNTBLANK($B$4:B97)-3) -> 94 | B97: ='web survey'!C95 -> FU-Z1-Eng | C97: ='web survey'!AA95 -> 1904A2400090 | D97: =IF(B97="FU-ACInstall",VLOOKUP(VALUE('web survey'!D95),ref!$B$6:$C$7,2,0)&" ("&'web survey'!D95&")",VLOOKUP(VALUE('web survey'!D95),ref!$E$6:$F$10,2,0)&" ("&'web survey'!D95&")") -> Good (10) | E97: ='web survey'!S95 | F97: =IF(B97="FU-ACInstall",VLOOKUP(VALUE('web survey'!E95),ref!$B$10:$C$12,2,0)&" ("&'web survey'!E95&")",VLOOKUP(VALUE('web survey'!E95),ref!$E$13:$F$17,2,0)&" ("&'web survey'!E95&")") -> Very Good (10) | G97: ='web survey'!T95 | H97: =IF(B97="FU-ACInstall",VLOOKUP(VALUE('web survey'!F95),ref!$B$15:$C$17,2,0)&" ("&'web survey'!F95&")",VLOOKUP(VALUE('web survey'!F95),ref!$E$20:$F$21,2,0)&" ("&'web survey'!F95&")") -> Appropriate with SAP / in Warranty (10) | I97: ='web survey'!U95 | J97: =IF(B97="FU-ACInstall","-",VLOOKUP(VALUE('web survey'!G95),ref!$E$24:$F$26,2,0)&" ("&'web survey'!G95&")") -> Tidak ada penjelasan (-5) | K97: =YEAR('web survey'!Z95)&"-"&IF(MONTH('web survey'!Z95)<10,"0"&MONTH('web survey'!Z95),MONTH('web survey'!Z95))&"-"&IF(DAY('web survey'!Z95)<10,"0"&DAY('web survey'!Z95),DAY('web survey'!Z95))&" "&IF(HOUR('web survey'!Z95)<10,"0"&HOUR('web survey'!Z95),HOUR('web survey'!Z95))&":"&IF(MINUTE('web survey'!Z95)<10,"0"&MINUTE('web survey'!Z95),MINUTE('web survey'!Z95))&(":00'") -> 2024-08-21 11:41:00' | N97: 94 | O97: FU-Z1-Eng | P97: 1904A2400090 | Q97: Good (10) | S97: Very Good (10) | U97: Appropriate with SAP / in Warranty (10) | W97: Tidak ada penjelasan (-5) | X97: 21 Aug 2024 11:41
A98: =IF(B98="","",ROW()-COUNTBLANK($B$4:B98)-3) -> 95 | B98: ='web survey'!C96 -> FU-Z1-Eng | C98: ='web survey'!AA96 -> 2818A2400853 | D98: =IF(B98="FU-ACInstall",VLOOKUP(VALUE('web survey'!D96),ref!$B$6:$C$7,2,0)&" ("&'web survey'!D96&")",VLOOKUP(VALUE('web survey'!D96),ref!$E$6:$F$10,2,0)&" ("&'web survey'!D96&")") -> Good (10) | E98: ='web survey'!S96 | F98: =IF(B98="FU-ACInstall",VLOOKUP(VALUE('web survey'!E96),ref!$B$10:$C$12,2,0)&" ("&'web survey'!E96&")",VLOOKUP(VALUE('web survey'!E96),ref!$E$13:$F$17,2,0)&" ("&'web survey'!E96&")") -> Very Good (10) | G98: ='web survey'!T96 | H98: =IF(B98="FU-ACInstall",VLOOKUP(VALUE('web survey'!F96),ref!$B$15:$C$17,2,0)&" ("&'web survey'!F96&")",VLOOKUP(VALUE('web survey'!F96),ref!$E$20:$F$21,2,0)&" ("&'web survey'!F96&")") -> Appropriate with SAP / in Warranty (10) | I98: ='web survey'!U96 | J98: =IF(B98="FU-ACInstall","-",VLOOKUP(VALUE('web survey'!G96),ref!$E$24:$F$26,2,0)&" ("&'web survey'!G96&")") -> Jelas (5) | K98: =YEAR('web survey'!Z96)&"-"&IF(MONTH('web survey'!Z96)<10,"0"&MONTH('web survey'!Z96),MONTH('web survey'!Z96))&"-"&IF(DAY('web survey'!Z96)<10,"0"&DAY('web survey'!Z96),DAY('web survey'!Z96))&" "&IF(HOUR('web survey'!Z96)<10,"0"&HOUR('web survey'!Z96),HOUR('web survey'!Z96))&":"&IF(MINUTE('web survey'!Z96)<10,"0"&MINUTE('web survey'!Z96),MINUTE('web survey'!Z96))&(":00'") -> 2024-08-21 09:40:00' | N98: 95 | O98: FU-Z1-Eng | P98: 2818A2400853 | Q98: Good (10) | S98: Very Good (10) | U98: Appropriate with SAP / in Warranty (10) | W98: Jelas (5) | X98: 21 Aug 2024 09:40
A99: =IF(B99="","",ROW()-COUNTBLANK($B$4:B99)-3) -> 96 | B99: ='web survey'!C97 -> FU-Z1-Eng | C99: ='web survey'!AA97 -> 1105A2404916 | D99: =IF(B99="FU-ACInstall",VLOOKUP(VALUE('web survey'!D97),ref!$B$6:$C$7,2,0)&" ("&'web survey'!D97&")",VLOOKUP(VALUE('web survey'!D97),ref!$E$6:$F$10,2,0)&" ("&'web survey'!D97&")") -> Not Good (-10) | E99: ='web survey'!S97 | F99: =IF(B99="FU-ACInstall",VLOOKUP(VALUE('web survey'!E97),ref!$B$10:$C$12,2,0)&" ("&'web survey'!E97&")",VLOOKUP(VALUE('web survey'!E97),ref!$E$13:$F$17,2,0)&" ("&'web survey'!E97&")") -> Average (3) | G99: ='web survey'!T97 | H99: =IF(B99="FU-ACInstall",VLOOKUP(VALUE('web survey'!F97),ref!$B$15:$C$17,2,0)&" ("&'web survey'!F97&")",VLOOKUP(VALUE('web survey'!F97),ref!$E$20:$F$21,2,0)&" ("&'web survey'!F97&")") -> Appropriate with SAP / in Warranty (10) | I99: ='web survey'!U97 | J99: =IF(B99="FU-ACInstall","-",VLOOKUP(VALUE('web survey'!G97),ref!$E$24:$F$26,2,0)&" ("&'web survey'!G97&")") -> Kurang jelas (3) | K99: =YEAR('web survey'!Z97)&"-"&IF(MONTH('web survey'!Z97)<10,"0"&MONTH('web survey'!Z97),MONTH('web survey'!Z97))&"-"&IF(DAY('web survey'!Z97)<10,"0"&DAY('web survey'!Z97),DAY('web survey'!Z97))&" "&IF(HOUR('web survey'!Z97)<10,"0"&HOUR('web survey'!Z97),HOUR('web survey'!Z97))&":"&IF(MINUTE('web survey'!Z97)<10,"0"&MINUTE('web survey'!Z97),MINUTE('web survey'!Z97))&(":00'") -> 2024-08-21 08:55:00' | N99: 96 | O99: FU-Z1-Eng | P99: 1105A2404916 | Q99: Not Good (-10) | S99: Average (3) | U99: Appropriate with SAP / in Warranty (10) | W99: Kurang jelas (3) | X99: 21 Aug 2024 08:55
A100: =IF(B100="","",ROW()-COUNTBLANK($B$4:B100)-3) -> 97 | B100: ='web survey'!C98 -> FU-Z1-Eng | C100: ='web survey'!AA98 -> 100893592 | D100: =IF(B100="FU-ACInstall",VLOOKUP(VALUE('web survey'!D98),ref!$B$6:$C$7,2,0)&" ("&'web survey'!D98&")",VLOOKUP(VALUE('web survey'!D98),ref!$E$6:$F$10,2,0)&" ("&'web survey'!D98&")") -> Good (10) | E100: ='web survey'!S98 | F100: =IF(B100="FU-ACInstall",VLOOKUP(VALUE('web survey'!E98),ref!$B$10:$C$12,2,0)&" ("&'web survey'!E98&")",VLOOKUP(VALUE('web survey'!E98),ref!$E$13:$F$17,2,0)&" ("&'web survey'!E98&")") -> Good (5) | G100: ='web survey'!T98 | H100: =IF(B100="FU-ACInstall",VLOOKUP(VALUE('web survey'!F98),ref!$B$15:$C$17,2,0)&" ("&'web survey'!F98&")",VLOOKUP(VALUE('web survey'!F98),ref!$E$20:$F$21,2,0)&" ("&'web survey'!F98&")") -> Appropriate with SAP / in Warranty (10) | I100: ='web survey'!U98 | J100: =IF(B100="FU-ACInstall","-",VLOOKUP(VALUE('web survey'!G98),ref!$E$24:$F$26,2,0)&" ("&'web survey'!G98&")") -> Jelas (5) | K100: =YEAR('web survey'!Z98)&"-"&IF(MONTH('web survey'!Z98)<10,"0"&MONTH('web survey'!Z98),MONTH('web survey'!Z98))&"-"&IF(DAY('web survey'!Z98)<10,"0"&DAY('web survey'!Z98),DAY('web survey'!Z98))&" "&IF(HOUR('web survey'!Z98)<10,"0"&HOUR('web survey'!Z98),HOUR('web survey'!Z98))&":"&IF(MINUTE('web survey'!Z98)<10,"0"&MINUTE('web survey'!Z98),MINUTE('web survey'!Z98))&(":00'") -> 2024-08-21 08:25:00' | N100: 97 | O100: FU-Z1-Eng | P100: 100893592 | Q100: Good (10) | S100: Good (5) | U100: Appropriate with SAP / in Warranty (10) | W100: Jelas (5) | X100: 21 Aug 2024 08:25
A101: =IF(B101="","",ROW()-COUNTBLANK($B$4:B101)-3) -> 98 | B101: ='web survey'!C99 -> FU-Z1-Eng | C101: ='web survey'!AA99 -> 203908014 | D101: =IF(B101="FU-ACInstall",VLOOKUP(VALUE('web survey'!D99),ref!$B$6:$C$7,2,0)&" ("&'web survey'!D99&")",VLOOKUP(VALUE('web survey'!D99),ref!$E$6:$F$10,2,0)&" ("&'web survey'!D99&")") -> Good (10) | E101: ='web survey'!S99 | F101: =IF(B101="FU-ACInstall",VLOOKUP(VALUE('web survey'!E99),ref!$B$10:$C$12,2,0)&" ("&'web survey'!E99&")",VLOOKUP(VALUE('web survey'!E99),ref!$E$13:$F$17,2,0)&" ("&'web survey'!E99&")") -> Very Good (10) | G101: ='web survey'!T99 | H101: =IF(B101="FU-ACInstall",VLOOKUP(VALUE('web survey'!F99),ref!$B$15:$C$17,2,0)&" ("&'web survey'!F99&")",VLOOKUP(VALUE('web survey'!F99),ref!$E$20:$F$21,2,0)&" ("&'web survey'!F99&")") -> Appropriate with SAP / in Warranty (10) | I101: ='web survey'!U99 | J101: =IF(B101="FU-ACInstall","-",VLOOKUP(VALUE('web survey'!G99),ref!$E$24:$F$26,2,0)&" ("&'web survey'!G99&")") -> Jelas (5) | K101: =YEAR('web survey'!Z99)&"-"&IF(MONTH('web survey'!Z99)<10,"0"&MONTH('web survey'!Z99),MONTH('web survey'!Z99))&"-"&IF(DAY('web survey'!Z99)<10,"0"&DAY('web survey'!Z99),DAY('web survey'!Z99))&" "&IF(HOUR('web survey'!Z99)<10,"0"&HOUR('web survey'!Z99),HOUR('web survey'!Z99))&":"&IF(MINUTE('web survey'!Z99)<10,"0"&MINUTE('web survey'!Z99),MINUTE('web survey'!Z99))&(":00'") -> 2024-08-21 07:11:00' | N101: 98 | O101: FU-Z1-Eng | P101: 203908014 | Q101: Good (10) | S101: Very Good (10) | U101: Appropriate with SAP / in Warranty (10) | W101: Jelas (5) | X101: 21 Aug 2024 07:11
A102: =IF(B102="","",ROW()-COUNTBLANK($B$4:B102)-3) -> 99 | B102: ='web survey'!C100 -> FU-Z1-Eng | C102: ='web survey'!AA100 -> 203904249 | D102: =IF(B102="FU-ACInstall",VLOOKUP(VALUE('web survey'!D100),ref!$B$6:$C$7,2,0)&" ("&'web survey'!D100&")",VLOOKUP(VALUE('web survey'!D100),ref!$E$6:$F$10,2,0)&" ("&'web survey'!D100&")") -> Good (10) | E102: ='web survey'!S100 | F102: =IF(B102="FU-ACInstall",VLOOKUP(VALUE('web survey'!E100),ref!$B$10:$C$12,2,0)&" ("&'web survey'!E100&")",VLOOKUP(VALUE('web survey'!E100),ref!$E$13:$F$17,2,0)&" ("&'web survey'!E100&")") -> Average (3) | G102: ='web survey'!T100 | H102: =IF(B102="FU-ACInstall",VLOOKUP(VALUE('web survey'!F100),ref!$B$15:$C$17,2,0)&" ("&'web survey'!F100&")",VLOOKUP(VALUE('web survey'!F100),ref!$E$20:$F$21,2,0)&" ("&'web survey'!F100&")") -> Appropriate with SAP / in Warranty (10) | I102: ='web survey'!U100 | J102: =IF(B102="FU-ACInstall","-",VLOOKUP(VALUE('web survey'!G100),ref!$E$24:$F$26,2,0)&" ("&'web survey'!G100&")") -> Jelas (5) | K102: =YEAR('web survey'!Z100)&"-"&IF(MONTH('web survey'!Z100)<10,"0"&MONTH('web survey'!Z100),MONTH('web survey'!Z100))&"-"&IF(DAY('web survey'!Z100)<10,"0"&DAY('web survey'!Z100),DAY('web survey'!Z100))&" "&IF(HOUR('web survey'!Z100)<10,"0"&HOUR('web survey'!Z100),HOUR('web survey'!Z100))&":"&IF(MINUTE('web survey'!Z100)<10,"0"&MINUTE('web survey'!Z100),MINUTE('web survey'!Z100))&(":00'") -> 2024-08-21 06:20:00' | N102: 99 | O102: FU-Z1-Eng | P102: 203904249 | Q102: Good (10) | S102: Average (3) | U102: Appropriate with SAP / in Warranty (10) | W102: Jelas (5) | X102: 21 Aug 2024 06:20
... A106: =IF(B106="","",ROW()-COUNTBLANK($B$4:B106)-3) -> 103 | B106: ='web survey'!C104 -> FU-Z1-Eng | C106: ='web survey'!AA104 -> 1008A2402428 | D106: =IF(B106="FU-ACInstall",VLOOKUP(VALUE('web survey'!D104),ref!$B$6:$C$7,2,0)&" ("&'web survey'!D104&")",VLOOKUP(VALUE('web survey'!D104),ref!$E$6:$F$10,2,0)&" ("&'web survey'!D104&")") -> Good (10) | E106: ='web survey'!S104 | F106: =IF(B106="FU-ACInstall",VLOOKUP(VALUE('web survey'!E104),ref!$B$10:$C$12,2,0)&" ("&'web survey'!E104&")",VLOOKUP(VALUE('web survey'!E104),ref!$E$13:$F$17,2,0)&" ("&'web survey'!E104&")") -> Very Good (10) | G106: ='web survey'!T104 | H106: =IF(B106="FU-ACInstall",VLOOKUP(VALUE('web survey'!F104),ref!$B$15:$C$17,2,0)&" ("&'web survey'!F104&")",VLOOKUP(VALUE('web survey'!F104),ref!$E$20:$F$21,2,0)&" ("&'web survey'!F104&")") -> Appropriate with SAP / in Warranty (10) | I106: ='web survey'!U104 | J106: =IF(B106="FU-ACInstall","-",VLOOKUP(VALUE('web survey'!G104),ref!$E$24:$F$26,2,0)&" ("&'web survey'!G104&")") -> Jelas (5) | K106: =YEAR('web survey'!Z104)&"-"&IF(MONTH('web survey'!Z104)<10,"0"&MONTH('web survey'!Z104),MONTH('web survey'!Z104))&"-"&IF(DAY('web survey'!Z104)<10,"0"&DAY('web survey'!Z104),DAY('web survey'!Z104))&" "&IF(HOUR('web survey'!Z104)<10,"0"&HOUR('web survey'!Z104),HOUR('web survey'!Z104))&":"&IF(MINUTE('web survey'!Z104)<10,"0"&MINUTE('web survey'!Z104),MINUTE('web survey'!Z104))&(":00'") -> 2024-08-21 02:37:00' | N106: 103 | O106: FU-Z1-Eng | P106: 1008A2402428 | Q106: Good (10) | S106: Very Good (10) | U106: Appropriate with SAP / in Warranty (10) | W106: Jelas (5) | X106: 21 Aug 2024 02:37
A107: =IF(B107="","",ROW()-COUNTBLANK($B$4:B107)-3) -> 104 | B107: ='web survey'!C105 -> 0 | C107: ='web survey'!AA105 -> 0 | D107: =IF(B107="FU-ACInstall",VLOOKUP(VALUE('web survey'!D105),ref!$B$6:$C$7,2,0)&" ("&'web survey'!D105&")",VLOOKUP(VALUE('web survey'!D105),ref!$E$6:$F$10,2,0)&" ("&'web survey'!D105&")") -> #N/A | E107: ='web survey'!S105 -> 0 | F107: =IF(B107="FU-ACInstall",VLOOKUP(VALUE('web survey'!E105),ref!$B$10:$C$12,2,0)&" ("&'web survey'!E105&")",VLOOKUP(VALUE('web survey'!E105),ref!$E$13:$F$17,2,0)&" ("&'web survey'!E105&")") -> #N/A | G107: ='web survey'!T105 -> 0 | H107: =IF(B107="FU-ACInstall",VLOOKUP(VALUE('web survey'!F105),ref!$B$15:$C$17,2,0)&" ("&'web survey'!F105&")",VLOOKUP(VALUE('web survey'!F105),ref!$E$20:$F$21,2,0)&" ("&'web survey'!F105&")") -> #N/A | I107: ='web survey'!U105 -> 0 | J107: =IF(B107="FU-ACInstall","-",VLOOKUP(VALUE('web survey'!G105),ref!$E$24:$F$26,2,0)&" ("&'web survey'!G105&")") -> #N/A | K107: =YEAR('web survey'!Z105)&"-"&IF(MONTH('web survey'!Z105)<10,"0"&MONTH('web survey'!Z105),MONTH('web survey'!Z105))&"-"&IF(DAY('web survey'!Z105)<10,"0"&DAY('web survey'!Z105),DAY('web survey'!Z105))&" "&IF(HOUR('web survey'!Z105)<10,"0"&HOUR('web survey'!Z105),HOUR('web survey'!Z105))&":"&IF(MINUTE('web survey'!Z105)<10,"0"&MINUTE('web survey'!Z105),MINUTE('web survey'!Z105))&(":00'") -> 1900-01-00 00:00:00' | N107: 104 | O107: 0 | P107: 0 | Q107: #N/A | R107: 0 | S107: #N/A | T107: 0 | U107: #N/A | V107: 0 | W107: #N/A | X107: 0
A108: =IF(B108="","",ROW()-COUNTBLANK($B$4:B108)-3) -> 105 | B108: ='web survey'!C106 -> 0 | C108: ='web survey'!AA106 -> 0 | D108: =IF(B108="FU-ACInstall",VLOOKUP(VALUE('web survey'!D106),ref!$B$6:$C$7,2,0)&" ("&'web survey'!D106&")",VLOOKUP(VALUE('web survey'!D106),ref!$E$6:$F$10,2,0)&" ("&'web survey'!D106&")") -> #N/A | E108: ='web survey'!S106 -> 0 | F108: =IF(B108="FU-ACInstall",VLOOKUP(VALUE('web survey'!E106),ref!$B$10:$C$12,2,0)&" ("&'web survey'!E106&")",VLOOKUP(VALUE('web survey'!E106),ref!$E$13:$F$17,2,0)&" ("&'web survey'!E106&")") -> #N/A | G108: ='web survey'!T106 -> 0 | H108: =IF(B108="FU-ACInstall",VLOOKUP(VALUE('web survey'!F106),ref!$B$15:$C$17,2,0)&" ("&'web survey'!F106&")",VLOOKUP(VALUE('web survey'!F106),ref!$E$20:$F$21,2,0)&" ("&'web survey'!F106&")") -> #N/A | I108: ='web survey'!U106 -> 0 | J108: =IF(B108="FU-ACInstall","-",VLOOKUP(VALUE('web survey'!G106),ref!$E$24:$F$26,2,0)&" ("&'web survey'!G106&")") -> #N/A | K108: =YEAR('web survey'!Z106)&"-"&IF(MONTH('web survey'!Z106)<10,"0"&MONTH('web survey'!Z106),MONTH('web survey'!Z106))&"-"&IF(DAY('web survey'!Z106)<10,"0"&DAY('web survey'!Z106),DAY('web survey'!Z106))&" "&IF(HOUR('web survey'!Z106)<10,"0"&HOUR('web survey'!Z106),HOUR('web survey'!Z106))&":"&IF(MINUTE('web survey'!Z106)<10,"0"&MINUTE('web survey'!Z106),MINUTE('web survey'!Z106))&(":00'") -> 1900-01-00 00:00:00' | N108: 105 | O108: 0 | P108: 0 | Q108: #N/A | R108: 0 | S108: #N/A | T108: 0 | U108: #N/A | V108: 0 | W108: #N/A | X108: 0
A109: =IF(B109="","",ROW()-COUNTBLANK($B$4:B109)-3) -> 106 | B109: ='web survey'!C107 -> 0 | C109: ='web survey'!AA107 -> 0 | D109: =IF(B109="FU-ACInstall",VLOOKUP(VALUE('web survey'!D107),ref!$B$6:$C$7,2,0)&" ("&'web survey'!D107&")",VLOOKUP(VALUE('web survey'!D107),ref!$E$6:$F$10,2,0)&" ("&'web survey'!D107&")") -> #N/A | E109: ='web survey'!S107 -> 0 | F109: =IF(B109="FU-ACInstall",VLOOKUP(VALUE('web survey'!E107),ref!$B$10:$C$12,2,0)&" ("&'web survey'!E107&")",VLOOKUP(VALUE('web survey'!E107),ref!$E$13:$F$17,2,0)&" ("&'web survey'!E107&")") -> #N/A | G109: ='web survey'!T107 -> 0 | H109: =IF(B109="FU-ACInstall",VLOOKUP(VALUE('web survey'!F107),ref!$B$15:$C$17,2,0)&" ("&'web survey'!F107&")",VLOOKUP(VALUE('web survey'!F107),ref!$E$20:$F$21,2,0)&" ("&'web survey'!F107&")") -> #N/A | I109: ='web survey'!U107 -> 0 | J109: =IF(B109="FU-ACInstall","-",VLOOKUP(VALUE('web survey'!G107),ref!$E$24:$F$26,2,0)&" ("&'web survey'!G107&")") -> #N/A | K109: =YEAR('web survey'!Z107)&"-"&IF(MONTH('web survey'!Z107)<10,"0"&MONTH('web survey'!Z107),MONTH('web survey'!Z107))&"-"&IF(DAY('web survey'!Z107)<10,"0"&DAY('web survey'!Z107),DAY('web survey'!Z107))&" "&IF(HOUR('web survey'!Z107)<10,"0"&HOUR('web survey'!Z107),HOUR('web survey'!Z107))&":"&IF(MINUTE('web survey'!Z107)<10,"0"&MINUTE('web survey'!Z107),MINUTE('web survey'!Z107))&(":00'") -> 1900-01-00 00:00:00' | N109: 106 | O109: 0 | P109: 0 | Q109: #N/A | R109: 0 | S109: #N/A | T109: 0 | U109: #N/A | V109: 0 | W109: #N/A | X109: 0
A110: =IF(B110="","",ROW()-COUNTBLANK($B$4:B110)-3) -> 107 | B110: ='web survey'!C108 -> 0 | C110: ='web survey'!AA108 -> 0 | D110: =IF(B110="FU-ACInstall",VLOOKUP(VALUE('web survey'!D108),ref!$B$6:$C$7,2,0)&" ("&'web survey'!D108&")",VLOOKUP(VALUE('web survey'!D108),ref!$E$6:$F$10,2,0)&" ("&'web survey'!D108&")") -> #N/A | E110: ='web survey'!S108 -> 0 | F110: =IF(B110="FU-ACInstall",VLOOKUP(VALUE('web survey'!E108),ref!$B$10:$C$12,2,0)&" ("&'web survey'!E108&")",VLOOKUP(VALUE('web survey'!E108),ref!$E$13:$F$17,2,0)&" ("&'web survey'!E108&")") -> #N/A | G110: ='web survey'!T108 -> 0 | H110: =IF(B110="FU-ACInstall",VLOOKUP(VALUE('web survey'!F108),ref!$B$15:$C$17,2,0)&" ("&'web survey'!F108&")",VLOOKUP(VALUE('web survey'!F108),ref!$E$20:$F$21,2,0)&" ("&'web survey'!F108&")") -> #N/A | I110: ='web survey'!U108 -> 0 | J110: =IF(B110="FU-ACInstall","-",VLOOKUP(VALUE('web survey'!G108),ref!$E$24:$F$26,2,0)&" ("&'web survey'!G108&")") -> #N/A | K110: =YEAR('web survey'!Z108)&"-"&IF(MONTH('web survey'!Z108)<10,"0"&MONTH('web survey'!Z108),MONTH('web survey'!Z108))&"-"&IF(DAY('web survey'!Z108)<10,"0"&DAY('web survey'!Z108),DAY('web survey'!Z108))&" "&IF(HOUR('web survey'!Z108)<10,"0"&HOUR('web survey'!Z108),HOUR('web survey'!Z108))&":"&IF(MINUTE('web survey'!Z108)<10,"0"&MINUTE('web survey'!Z108),MINUTE('web survey'!Z108))&(":00'") -> 1900-01-00 00:00:00' | N110: 107 | O110: 0 | P110: 0 | Q110: #N/A | R110: 0 | S110: #N/A | T110: 0 | U110: #N/A | V110: 0 | W110: #N/A | X110: 0
A111: =IF(B111="","",ROW()-COUNTBLANK($B$4:B111)-3) -> 108 | B111: ='web survey'!C109 -> 0 | C111: ='web survey'!AA109 -> 0 | D111: =IF(B111="FU-ACInstall",VLOOKUP(VALUE('web survey'!D109),ref!$B$6:$C$7,2,0)&" ("&'web survey'!D109&")",VLOOKUP(VALUE('web survey'!D109),ref!$E$6:$F$10,2,0)&" ("&'web survey'!D109&")") -> #N/A | E111: ='web survey'!S109 -> 0 | F111: =IF(B111="FU-ACInstall",VLOOKUP(VALUE('web survey'!E109),ref!$B$10:$C$12,2,0)&" ("&'web survey'!E109&")",VLOOKUP(VALUE('web survey'!E109),ref!$E$13:$F$17,2,0)&" ("&'web survey'!E109&")") -> #N/A | G111: ='web survey'!T109 -> 0 | H111: =IF(B111="FU-ACInstall",VLOOKUP(VALUE('web survey'!F109),ref!$B$15:$C$17,2,0)&" ("&'web survey'!F109&")",VLOOKUP(VALUE('web survey'!F109),ref!$E$20:$F$21,2,0)&" ("&'web survey'!F109&")") -> #N/A | I111: ='web survey'!U109 -> 0 | J111: =IF(B111="FU-ACInstall","-",VLOOKUP(VALUE('web survey'!G109),ref!$E$24:$F$26,2,0)&" ("&'web survey'!G109&")") -> #N/A | K111: =YEAR('web survey'!Z109)&"-"&IF(MONTH('web survey'!Z109)<10,"0"&MONTH('web survey'!Z109),MONTH('web survey'!Z109))&"-"&IF(DAY('web survey'!Z109)<10,"0"&DAY('web survey'!Z109),DAY('web survey'!Z109))&" "&IF(HOUR('web survey'!Z109)<10,"0"&HOUR('web survey'!Z109),HOUR('web survey'!Z109))&":"&IF(MINUTE('web survey'!Z109)<10,"0"&MINUTE('web survey'!Z109),MINUTE('web survey'!Z109))&(":00'") -> 1900-01-00 00:00:00' | N111: 108 | O111: 0 | P111: 0 | Q111: #N/A | R111: 0 | S111: #N/A | T111: 0 | U111: #N/A | V111: 0 | W111: #N/A | X111: 0
A112: =IF(B112="","",ROW()-COUNTBLANK($B$4:B112)-3) -> 109 | B112: ='web survey'!C110 -> 0 | C112: ='web survey'!AA110 -> 0 | D112: =IF(B112="FU-ACInstall",VLOOKUP(VALUE('web survey'!D110),ref!$B$6:$C$7,2,0)&" ("&'web survey'!D110&")",VLOOKUP(VALUE('web survey'!D110),ref!$E$6:$F$10,2,0)&" ("&'web survey'!D110&")") -> #N/A | E112: ='web survey'!S110 -> 0 | F112: =IF(B112="FU-ACInstall",VLOOKUP(VALUE('web survey'!E110),ref!$B$10:$C$12,2,0)&" ("&'web survey'!E110&")",VLOOKUP(VALUE('web survey'!E110),ref!$E$13:$F$17,2,0)&" ("&'web survey'!E110&")") -> #N/A | G112: ='web survey'!T110 -> 0 | H112: =IF(B112="FU-ACInstall",VLOOKUP(VALUE('web survey'!F110),ref!$B$15:$C$17,2,0)&" ("&'web survey'!F110&")",VLOOKUP(VALUE('web survey'!F110),ref!$E$20:$F$21,2,0)&" ("&'web survey'!F110&")") -> #N/A | I112: ='web survey'!U110 -> 0 | J112: =IF(B112="FU-ACInstall","-",VLOOKUP(VALUE('web survey'!G110),ref!$E$24:$F$26,2,0)&" ("&'web survey'!G110&")") -> #N/A | K112: =YEAR('web survey'!Z110)&"-"&IF(MONTH('web survey'!Z110)<10,"0"&MONTH('web survey'!Z110),MONTH('web survey'!Z110))&"-"&IF(DAY('web survey'!Z110)<10,"0"&DAY('web survey'!Z110),DAY('web survey'!Z110))&" "&IF(HOUR('web survey'!Z110)<10,"0"&HOUR('web survey'!Z110),HOUR('web survey'!Z110))&":"&IF(MINUTE('web survey'!Z110)<10,"0"&MINUTE('web survey'!Z110),MINUTE('web survey'!Z110))&(":00'") -> 1900-01-00 00:00:00' | N112: 109 | O112: 0 | P112: 0 | Q112: #N/A | R112: 0 | S112: #N/A | T112: 0 | U112: #N/A | V112: 0 | W112: #N/A | X112: 0
A113: =IF(B113="","",ROW()-COUNTBLANK($B$4:B113)-3) -> 110 | B113: ='web survey'!C111 -> 0 | C113: ='web survey'!AA111 -> 0 | D113: =IF(B113="FU-ACInstall",VLOOKUP(VALUE('web survey'!D111),ref!$B$6:$C$7,2,0)&" ("&'web survey'!D111&")",VLOOKUP(VALUE('web survey'!D111),ref!$E$6:$F$10,2,0)&" ("&'web survey'!D111&")") -> #N/A | E113: ='web survey'!S111 -> 0 | F113: =IF(B113="FU-ACInstall",VLOOKUP(VALUE('web survey'!E111),ref!$B$10:$C$12,2,0)&" ("&'web survey'!E111&")",VLOOKUP(VALUE('web survey'!E111),ref!$E$13:$F$17,2,0)&" ("&'web survey'!E111&")") -> #N/A | G113: ='web survey'!T111 -> 0 | H113: =IF(B113="FU-ACInstall",VLOOKUP(VALUE('web survey'!F111),ref!$B$15:$C$17,2,0)&" ("&'web survey'!F111&")",VLOOKUP(VALUE('web survey'!F111),ref!$E$20:$F$21,2,0)&" ("&'web survey'!F111&")") -> #N/A | I113: ='web survey'!U111 -> 0 | J113: =IF(B113="FU-ACInstall","-",VLOOKUP(VALUE('web survey'!G111),ref!$E$24:$F$26,2,0)&" ("&'web survey'!G111&")") -> #N/A | K113: =YEAR('web survey'!Z111)&"-"&IF(MONTH('web survey'!Z111)<10,"0"&MONTH('web survey'!Z111),MONTH('web survey'!Z111))&"-"&IF(DAY('web survey'!Z111)<10,"0"&DAY('web survey'!Z111),DAY('web survey'!Z111))&" "&IF(HOUR('web survey'!Z111)<10,"0"&HOUR('web survey'!Z111),HOUR('web survey'!Z111))&":"&IF(MINUTE('web survey'!Z111)<10,"0"&MINUTE('web survey'!Z111),MINUTE('web survey'!Z111))&(":00'") -> 1900-01-00 00:00:00' | N113: 110 | O113: 0 | P113: 0 | Q113: #N/A | R113: 0 | S113: #N/A | T113: 0 | U113: #N/A | V113: 0 | W113: #N/A | X113: 0
A114: =IF(B114="","",ROW()-COUNTBLANK($B$4:B114)-3) -> 111 | B114: ='web survey'!C112 -> 0 | C114: ='web survey'!AA112 -> 0 | D114: =IF(B114="FU-ACInstall",VLOOKUP(VALUE('web survey'!D112),ref!$B$6:$C$7,2,0)&" ("&'web survey'!D112&")",VLOOKUP(VALUE('web survey'!D112),ref!$E$6:$F$10,2,0)&" ("&'web survey'!D112&")") -> #N/A | E114: ='web survey'!S112 -> 0 | F114: =IF(B114="FU-ACInstall",VLOOKUP(VALUE('web survey'!E112),ref!$B$10:$C$12,2,0)&" ("&'web survey'!E112&")",VLOOKUP(VALUE('web survey'!E112),ref!$E$13:$F$17,2,0)&" ("&'web survey'!E112&")") -> #N/A | G114: ='web survey'!T112 -> 0 | H114: =IF(B114="FU-ACInstall",VLOOKUP(VALUE('web survey'!F112),ref!$B$15:$C$17,2,0)&" ("&'web survey'!F112&")",VLOOKUP(VALUE('web survey'!F112),ref!$E$20:$F$21,2,0)&" ("&'web survey'!F112&")") -> #N/A | I114: ='web survey'!U112 -> 0 | J114: =IF(B114="FU-ACInstall","-",VLOOKUP(VALUE('web survey'!G112),ref!$E$24:$F$26,2,0)&" ("&'web survey'!G112&")") -> #N/A | K114: =YEAR('web survey'!Z112)&"-"&IF(MONTH('web survey'!Z112)<10,"0"&MONTH('web survey'!Z112),MONTH('web survey'!Z112))&"-"&IF(DAY('web survey'!Z112)<10,"0"&DAY('web survey'!Z112),DAY('web survey'!Z112))&" "&IF(HOUR('web survey'!Z112)<10,"0"&HOUR('web survey'!Z112),HOUR('web survey'!Z112))&":"&IF(MINUTE('web survey'!Z112)<10,"0"&MINUTE('web survey'!Z112),MINUTE('web survey'!Z112))&(":00'") -> 1900-01-00 00:00:00' | N114: 111 | O114: 0 | P114: 0 | Q114: #N/A | R114: 0 | S114: #N/A | T114: 0 | U114: #N/A | V114: 0 | W114: #N/A | X114: 0
A115: =IF(B115="","",ROW()-COUNTBLANK($B$4:B115)-3) -> 112 | B115: ='web survey'!C113 -> 0 | C115: ='web survey'!AA113 -> 0 | D115: =IF(B115="FU-ACInstall",VLOOKUP(VALUE('web survey'!D113),ref!$B$6:$C$7,2,0)&" ("&'web survey'!D113&")",VLOOKUP(VALUE('web survey'!D113),ref!$E$6:$F$10,2,0)&" ("&'web survey'!D113&")") -> #N/A | E115: ='web survey'!S113 -> 0 | F115: =IF(B115="FU-ACInstall",VLOOKUP(VALUE('web survey'!E113),ref!$B$10:$C$12,2,0)&" ("&'web survey'!E113&")",VLOOKUP(VALUE('web survey'!E113),ref!$E$13:$F$17,2,0)&" ("&'web survey'!E113&")") -> #N/A | G115: ='web survey'!T113 -> 0 | H115: =IF(B115="FU-ACInstall",VLOOKUP(VALUE('web survey'!F113),ref!$B$15:$C$17,2,0)&" ("&'web survey'!F113&")",VLOOKUP(VALUE('web survey'!F113),ref!$E$20:$F$21,2,0)&" ("&'web survey'!F113&")") -> #N/A | I115: ='web survey'!U113 -> 0 | J115: =IF(B115="FU-ACInstall","-",VLOOKUP(VALUE('web survey'!G113),ref!$E$24:$F$26,2,0)&" ("&'web survey'!G113&")") -> #N/A | K115: =YEAR('web survey'!Z113)&"-"&IF(MONTH('web survey'!Z113)<10,"0"&MONTH('web survey'!Z113),MONTH('web survey'!Z113))&"-"&IF(DAY('web survey'!Z113)<10,"0"&DAY('web survey'!Z113),DAY('web survey'!Z113))&" "&IF(HOUR('web survey'!Z113)<10,"0"&HOUR('web survey'!Z113),HOUR('web survey'!Z113))&":"&IF(MINUTE('web survey'!Z113)<10,"0"&MINUTE('web survey'!Z113),MINUTE('web survey'!Z113))&(":00'") -> 1900-01-00 00:00:00' | N115: 112 | O115: 0 | P115: 0 | Q115: #N/A | R115: 0 | S115: #N/A | T115: 0 | U115: #N/A | V115: 0 | W115: #N/A | X115: 0
A116: =IF(B116="","",ROW()-COUNTBLANK($B$4:B116)-3) -> 113 | B116: ='web survey'!C114 -> 0 | C116: ='web survey'!AA114 -> 0 | D116: =IF(B116="FU-ACInstall",VLOOKUP(VALUE('web survey'!D114),ref!$B$6:$C$7,2,0)&" ("&'web survey'!D114&")",VLOOKUP(VALUE('web survey'!D114),ref!$E$6:$F$10,2,0)&" ("&'web survey'!D114&")") -> #N/A | E116: ='web survey'!S114 -> 0 | F116: =IF(B116="FU-ACInstall",VLOOKUP(VALUE('web survey'!E114),ref!$B$10:$C$12,2,0)&" ("&'web survey'!E114&")",VLOOKUP(VALUE('web survey'!E114),ref!$E$13:$F$17,2,0)&" ("&'web survey'!E114&")") -> #N/A | G116: ='web survey'!T114 -> 0 | H116: =IF(B116="FU-ACInstall",VLOOKUP(VALUE('web survey'!F114),ref!$B$15:$C$17,2,0)&" ("&'web survey'!F114&")",VLOOKUP(VALUE('web survey'!F114),ref!$E$20:$F$21,2,0)&" ("&'web survey'!F114&")") -> #N/A | I116: ='web survey'!U114 -> 0 | J116: =IF(B116="FU-ACInstall","-",VLOOKUP(VALUE('web survey'!G114),ref!$E$24:$F$26,2,0)&" ("&'web survey'!G114&")") -> #N/A | K116: =YEAR('web survey'!Z114)&"-"&IF(MONTH('web survey'!Z114)<10,"0"&MONTH('web survey'!Z114),MONTH('web survey'!Z114))&"-"&IF(DAY('web survey'!Z114)<10,"0"&DAY('web survey'!Z114),DAY('web survey'!Z114))&" "&IF(HOUR('web survey'!Z114)<10,"0"&HOUR('web survey'!Z114),HOUR('web survey'!Z114))&":"&IF(MINUTE('web survey'!Z114)<10,"0"&MINUTE('web survey'!Z114),MINUTE('web survey'!Z114))&(":00'") -> 1900-01-00 00:00:00' | N116: 113 | O116: 0 | P116: 0 | Q116: #N/A | R116: 0 | S116: #N/A | T116: 0 | U116: #N/A | V116: 0 | W116: #N/A | X116: 0
A117: =IF(B117="","",ROW()-COUNTBLANK($B$4:B117)-3) -> 114 | B117: ='web survey'!C115 -> 0 | C117: ='web survey'!AA115 -> 0 | D117: =IF(B117="FU-ACInstall",VLOOKUP(VALUE('web survey'!D115),ref!$B$6:$C$7,2,0)&" ("&'web survey'!D115&")",VLOOKUP(VALUE('web survey'!D115),ref!$E$6:$F$10,2,0)&" ("&'web survey'!D115&")") -> #N/A | E117: ='web survey'!S115 -> 0 | F117: =IF(B117="FU-ACInstall",VLOOKUP(VALUE('web survey'!E115),ref!$B$10:$C$12,2,0)&" ("&'web survey'!E115&")",VLOOKUP(VALUE('web survey'!E115),ref!$E$13:$F$17,2,0)&" ("&'web survey'!E115&")") -> #N/A | G117: ='web survey'!T115 -> 0 | H117: =IF(B117="FU-ACInstall",VLOOKUP(VALUE('web survey'!F115),ref!$B$15:$C$17,2,0)&" ("&'web survey'!F115&")",VLOOKUP(VALUE('web survey'!F115),ref!$E$20:$F$21,2,0)&" ("&'web survey'!F115&")") -> #N/A | I117: ='web survey'!U115 -> 0 | J117: =IF(B117="FU-ACInstall","-",VLOOKUP(VALUE('web survey'!G115),ref!$E$24:$F$26,2,0)&" ("&'web survey'!G115&")") -> #N/A | K117: =YEAR('web survey'!Z115)&"-"&IF(MONTH('web survey'!Z115)<10,"0"&MONTH('web survey'!Z115),MONTH('web survey'!Z115))&"-"&IF(DAY('web survey'!Z115)<10,"0"&DAY('web survey'!Z115),DAY('web survey'!Z115))&" "&IF(HOUR('web survey'!Z115)<10,"0"&HOUR('web survey'!Z115),HOUR('web survey'!Z115))&":"&IF(MINUTE('web survey'!Z115)<10,"0"&MINUTE('web survey'!Z115),MINUTE('web survey'!Z115))&(":00'") -> 1900-01-00 00:00:00' | N117: 114 | O117: 0 | P117: 0 | Q117: #N/A | R117: 0 | S117: #N/A | T117: 0 | U117: #N/A | V117: 0 | W117: #N/A | X117: 0
A118: =IF(B118="","",ROW()-COUNTBLANK($B$4:B118)-3) -> 115 | B118: ='web survey'!C116 -> 0 | C118: ='web survey'!AA116 -> 0 | D118: =IF(B118="FU-ACInstall",VLOOKUP(VALUE('web survey'!D116),ref!$B$6:$C$7,2,0)&" ("&'web survey'!D116&")",VLOOKUP(VALUE('web survey'!D116),ref!$E$6:$F$10,2,0)&" ("&'web survey'!D116&")") -> #N/A | E118: ='web survey'!S116 -> 0 | F118: =IF(B118="FU-ACInstall",VLOOKUP(VALUE('web survey'!E116),ref!$B$10:$C$12,2,0)&" ("&'web survey'!E116&")",VLOOKUP(VALUE('web survey'!E116),ref!$E$13:$F$17,2,0)&" ("&'web survey'!E116&")") -> #N/A | G118: ='web survey'!T116 -> 0 | H118: =IF(B118="FU-ACInstall",VLOOKUP(VALUE('web survey'!F116),ref!$B$15:$C$17,2,0)&" ("&'web survey'!F116&")",VLOOKUP(VALUE('web survey'!F116),ref!$E$20:$F$21,2,0)&" ("&'web survey'!F116&")") -> #N/A | I118: ='web survey'!U116 -> 0 | J118: =IF(B118="FU-ACInstall","-",VLOOKUP(VALUE('web survey'!G116),ref!$E$24:$F$26,2,0)&" ("&'web survey'!G116&")") -> #N/A | K118: =YEAR('web survey'!Z116)&"-"&IF(MONTH('web survey'!Z116)<10,"0"&MONTH('web survey'!Z116),MONTH('web survey'!Z116))&"-"&IF(DAY('web survey'!Z116)<10,"0"&DAY('web survey'!Z116),DAY('web survey'!Z116))&" "&IF(HOUR('web survey'!Z116)<10,"0"&HOUR('web survey'!Z116),HOUR('web survey'!Z116))&":"&IF(MINUTE('web survey'!Z116)<10,"0"&MINUTE('web survey'!Z116),MINUTE('web survey'!Z116))&(":00'") -> 1900-01-00 00:00:00' | N118: 115 | O118: 0 | P118: 0 | Q118: #N/A | R118: 0 | S118: #N/A | T118: 0 | U118: #N/A | V118: 0 | W118: #N/A | X118: 0
... A203: =IF(B203="","",ROW()-COUNTBLANK($B$4:B203)-3) -> 200 | B203: ='web survey'!C201 -> 0 | C203: ='web survey'!AA201 -> 0 | D203: =IF(B203="FU-ACInstall",VLOOKUP(VALUE('web survey'!D201),ref!$B$6:$C$7,2,0)&" ("&'web survey'!D201&")",VLOOKUP(VALUE('web survey'!D201),ref!$E$6:$F$10,2,0)&" ("&'web survey'!D201&")") -> #N/A | E203: ='web survey'!S201 -> 0 | F203: =IF(B203="FU-ACInstall",VLOOKUP(VALUE('web survey'!E201),ref!$B$10:$C$12,2,0)&" ("&'web survey'!E201&")",VLOOKUP(VALUE('web survey'!E201),ref!$E$13:$F$17,2,0)&" ("&'web survey'!E201&")") -> #N/A | G203: ='web survey'!T201 -> 0 | H203: =IF(B203="FU-ACInstall",VLOOKUP(VALUE('web survey'!F201),ref!$B$15:$C$17,2,0)&" ("&'web survey'!F201&")",VLOOKUP(VALUE('web survey'!F201),ref!$E$20:$F$21,2,0)&" ("&'web survey'!F201&")") -> #N/A | I203: ='web survey'!U201 -> 0 | J203: =IF(B203="FU-ACInstall","-",VLOOKUP(VALUE('web survey'!G201),ref!$E$24:$F$26,2,0)&" ("&'web survey'!G201&")") -> #N/A | K203: =YEAR('web survey'!Z201)&"-"&IF(MONTH('web survey'!Z201)<10,"0"&MONTH('web survey'!Z201),MONTH('web survey'!Z201))&"-"&IF(DAY('web survey'!Z201)<10,"0"&DAY('web survey'!Z201),DAY('web survey'!Z201))&" "&IF(HOUR('web survey'!Z201)<10,"0"&HOUR('web survey'!Z201),HOUR('web survey'!Z201))&":"&IF(MINUTE('web survey'!Z201)<10,"0"&MINUTE('web survey'!Z201),MINUTE('web survey'!Z201))&(":00'") -> 1900-01-00 00:00:00' | N203: 200 | O203: 0 | P203: 0 | Q203: #N/A | R203: 0 | S203: #N/A | T203: 0 | U203: #N/A | V203: 0 | W203: #N/A | X203: 0

Sheet web survey
A1: id | B1: uid | C1: pid | D1: q1 value | E1: q2 value | F1: q3 value | G1: q4 value | H1: q5 value | I1: q6 value | J1: q7 value | K1: Total | L1: q1 text | M1: q2 text | N1: q3 text | O1: q4 text | P1: q5 text | Q1: q6 text | R1: q7text | S1: q1 answer | T1: q2 answer | U1: q3 answer | V1: q4 answer | W1: q5 answer | X1: q6 answer | Y1: q7 answer | Z1: date | AA1: ref | AB1: browser1 | AC1: ipaddress | AD1: ipaddress_country
A2: 133540 | B2: M | C2: FU-ACInstall | D2: 10 | E2: 10 | F2: 10 | K2: 30 | L2: Ya | M2: Baik / Dingin | N2: Baik | Z2: 21 Aug 2024 16:53 | AA2: TBS13A2400330 | AB2: Mozilla/5.0 (Linux; Android 10; K) AppleWebKit/537.36 (KHTML, like Gecko) SamsungBrowser/24.0 Chrome/117.0.0.0 Mobile Safari/537.36 | AC2: 114.10.147.146 | AD2: {"status":"success","country":"Indonesia","countryCode":"ID","region":"JB","regionName":"West Java","city":"Bandung","zip":"","lat":-6.9217,"lon":107.6071,"timezone":"Asia/Jakarta","isp":"PT. INDOSAT Tbk","org":"IOH B2B","as":"AS4761 INDOSAT Internet Network Provider","query":"114.10.147.146"}
A3: 133516 | B3: M | C3: FU-ACInstall | D3: 10 | E3: 10 | F3: 10 | K3: 30 | L3: Ya | M3: Baik / Dingin | N3: Baik | Z3: 21 Aug 2024 15:43 | AA3: TBS13A2400333 | AB3: Mozilla/5.0 (Linux; Android 10; K) AppleWebKit/537.36 (KHTML, like Gecko) Chrome/127.0.0.0 Mobile Safari/537.36 | AC3: 182.2.142.127 | AD3: {"status":"success","country":"Indonesia","countryCode":"ID","region":"JK","regionName":"Jakarta","city":"Jakarta","zip":"","lat":-6.2114,"lon":106.8446,"timezone":"Asia/Jakarta","isp":"PT Telekomunikasi Selular Indonesia","org":"","as":"AS23693 PT. Telekomunikasi Selular","query":"182.2.142.127"}
A4: 133509 | B4: M | C4: FU-ACInstall | D4: -10 | E4: 5 | F4: -10 | K4: -15 | L4: Tidak, bukan dari Sharp | M4: Tidak sesuai harapan | N4: Tidak baik | Z4: 21 Aug 2024 15:30 | AA4: EMT19A2400123 | AB4: Mozilla/5.0 (Linux; Android 10; K) AppleWebKit/537.36 (KHTML, like Gecko) Chrome/125.0.0.0 Mobile Safari/537.36 | AC4: 118.137.63.33 | AD4: {"status":"success","country":"Indonesia","countryCode":"ID","region":"JI","regionName":"East Java","city":"Surabaya","zip":"","lat":-7.2484,"lon":112.7419,"timezone":"Asia/Jakarta","isp":"Linknet-Fastnet ASN","org":"FastNet768","as":"AS23700 Linknet-Fastnet ASN","query":"118.137.63.33"}
A5: 133485 | B5: M | C5: FU-ACInstall | D5: 10 | E5: 10 | F5: 10 | K5: 30 | L5: Ya | M5: Baik / Dingin | N5: Baik | Z5: 21 Aug 2024 15:13 | AA5: TBS13A2400337 | AB5: Mozilla/5.0 (iPhone; CPU iPhone OS 17_5_1 like Mac OS X) AppleWebKit/605.1.15 (KHTML, like Gecko) Version/17.5 Mobile/15E148 Safari/604.1 | AC5: 180.252.22.243 | AD5: {"status":"success","country":"Indonesia","countryCode":"ID","region":"JB","regionName":"West Java","city":"Bandung","zip":"","lat":-6.9217,"lon":107.6071,"timezone":"Asia/Jakarta","isp":"PT. TELKOM INDONESIA","org":"","as":"AS7713 PT Telekomunikasi Indonesia","query":"180.252.22.243"}
A6: 133572 | B6: M | C6: FU-Z1-Eng | D6: 10 | E6: 5 | F6: -10 | G6: 5 | K6: 10 | L6: Baik | M6: Baik | N6: Bergaransi dan dikenakan biaya | O6: Jelas | Z6: 21 Aug 2024 22:51 | AA6: 100891867 | AB6: Mozilla/5.0 (Linux; Android 10; K) AppleWebKit/537.36 (KHTML, like Gecko) SamsungBrowser/25.0 Chrome/121.0.0.0 Mobile Safari/537.36 | AC6: 114.122.229.6 | AD6: {"status":"success","country":"Indonesia","countryCode":"ID","region":"JK","regionName":"Jakarta","city":"Jakarta","zip":"","lat":-6.18051,"lon":106.828,"timezone":"Asia/Jakarta","isp":"PT Telekomunikasi Selular Indonesia","org":"","as":"AS23693 PT. Telekomunikasi Selular","query":"114.122.229.6"}
A7: 133571 | B7: M | C7: FU-Z1-Eng | D7: -10 | E7: 10 | F7: 10 | G7: 5 | K7: 15 | L7: Masih rusak (kerusakan sama) | M7: Sangat Baik | N7: Tidak bergaransi dan dikenakan biaya | O7: Jelas | Z7: 21 Aug 2024 22:08 | AA7: 203906108 | AB7: Mozilla/5.0 (X11; Linux x86_64) AppleWebKit/537.36 (KHTML, like Gecko) Safari/537.36 HeyTapBrowser/45.11.1.1 Chrome/91.0.4472.88 | AC7: 182.3.46.30 | AD7: {"status":"success","country":"Indonesia","countryCode":"ID","region":"JK","regionName":"Jakarta","city":"Jakarta","zip":"","lat":-6.2114,"lon":106.8446,"timezone":"Asia/Jakarta","isp":"PT Telekomunikasi Selular Indonesia","org":"","as":"AS23693 PT. Telekomunikasi Selular","query":"182.3.46.30"}
A8: 133570 | B8: M | C8: FU-Z1-Eng | D8: 10 | E8: 10 | F8: 10 | G8: 5 | K8: 35 | L8: Baik | M8: Baik | N8: Bergaransi dan Tidak dikenakan biaya | O8: Jelas | Z8: 21 Aug 2024 20:35 | AA8: 203909527 | AB8: Mozilla/5.0 (Linux; U; Android 8.1.0; in-id; CPH1803 Build/OPM1.171019.026) AppleWebKit/537.36 (KHTML, like Gecko) Chrome/91.0.4472.88 Mobile Safari/537.36 HeyTapBrowser/15.10.3.4.1 | AC8: 203.153.20.8 | AD8: {"status":"success","country":"Indonesia","countryCode":"ID","region":"RI","regionName":"Riau","city":"Dumai","zip":"","lat":1.6655,"lon":101.4396,"timezone":"Asia/Jakarta","isp":"PT Mayatama Solusindo","org":"Mayatama","as":"AS131769 PT Mayatama Solusindo","query":"203.153.20.8"}
A9: 133569 | B9: M | C9: FU-Z1-Eng | D9: 10 | E9: 10 | F9: 10 | G9: 5 | K9: 35 | L9: Baik | M9: Sangat Baik | N9: Bergaransi dan Tidak dikenakan biaya | O9: Jelas | Z9: 21 Aug 2024 20:34 | AA9: 100892750 | AB9: Mozilla/5.0 (Linux; Android 10; K) AppleWebKit/537.36 (KHTML, like Gecko) Chrome/127.0.0.0 Mobile Safari/537.36 | AC9: 182.4.198.225 | AD9: {"status":"success","country":"Indonesia","countryCode":"ID","region":"NT","regionName":"East Nusa Tenggara","city":"Kupang","zip":"","lat":-10.1676,"lon":123.6107,"timezone":"Asia/Makassar","isp":"PT Telekomunikasi Selular Indonesia","org":"","as":"AS23693 PT. Telekomunikasi Selular","query":"182.4.198.225"}
A10: 133568 | B10: M | C10: FU-Z1-Eng | D10: 10 | E10: 10 | F10: 10 | G10: 5 | K10: 35 | L10: Baik | M10: Sangat Baik | N10: Bergaransi dan Tidak dikenakan biaya | O10: Jelas | Z10: 21 Aug 2024 19:49 | AA10: 203909674 | AB10: Mozilla/5.0 (Linux; U; Android 14; in-mm; RMX3393 Build/UKQ1.230924.001) AppleWebKit/537.36 (KHTML, like Gecko) Chrome/91.0.4472.88 Mobile Safari/537.36 HeyTapBrowser/45.11.1.1 | AC10: 103.171.245.154 | AD10: {"status":"success","country":"Indonesia","countryCode":"ID","region":"JI","regionName":"East Java","city":"Ngawi","zip":"","lat":-7.4049,"lon":111.4498,"timezone":"Asia/Jakarta","isp":"PT Data Arta Sedaya","org":"Amandanet, CV","as":"AS141674 PT Data Arta Sedaya","query":"103.171.245.154"}
A11: 133567 | B11: M | C11: FU-Z1-Eng | D11: 10 | E11: 5 | F11: 10 | G11: 5 | K11: 30 | L11: Baik | M11: Baik | N11: Tidak bergaransi dan dikenakan biaya | O11: Jelas | Z11: 21 Aug 2024 19:45 | AA11: 100893725 | AB11: Mozilla/5.0 (Linux; Android 10; K) AppleWebKit/537.36 (KHTML, like Gecko) SamsungBrowser/25.0 Chrome/121.0.0.0 Mobile Safari/537.36 | AC11: 110.138.83.200 | AD11: {"status":"success","country":"Indonesia","countryCode":"ID","region":"JK","regionName":"Jakarta","city":"Jakarta","zip":"","lat":-6.2114,"lon":106.8446,"timezone":"Asia/Jakarta","isp":"PT. TELKOM INDONESIA","org":"","as":"AS7713 PT Telekomunikasi Indonesia","query":"110.138.83.200"}
A12: 133564 | B12: M | C12: FU-Z1-Eng | D12: 10 | E12: 10 | F12: 10 | G12: 5 | K12: 35 | L12: Baik | M12: Sangat Baik | N12: Bergaransi dan Tidak dikenakan biaya | O12: Jelas | Z12: 21 Aug 2024 19:03 | AA12: 203906953 | AB12: Mozilla/5.0 (Linux; U; Android 14; in-id; CPH2473 Build/TP1A.220905.001) AppleWebKit/537.36 (KHTML, like Gecko) Chrome/91.0.4472.88 Mobile Safari/537.36 HeyTapBrowser/45.11.1.1 | AC12: 182.2.4.18 | AD12: {"status":"success","country":"Indonesia","countryCode":"ID","region":"RI","regionName":"Riau","city":"Batam","zip":"","lat":1.1568,"lon":104.047,"timezone":"Asia/Jakarta","isp":"PT Telekomunikasi Selular Indonesia","org":"","as":"AS23693 PT. Telekomunikasi Selular","query":"182.2.4.18"}
A13: 133563 | B13: M | C13: FU-Z1-Eng | D13: 10 | E13: 10 | F13: 10 | G13: 5 | K13: 35 | L13: Baik | M13: Sangat Baik | N13: Bergaransi dan Tidak dikenakan biaya | O13: Jelas | Z13: 21 Aug 2024 18:56 | AA13: 100892571 | AB13: Mozilla/5.0 (iPhone; CPU iPhone OS 17_5_1 like Mac OS X) AppleWebKit/605.1.15 (KHTML, like Gecko) Version/17.5 Mobile/15E148 Safari/604.1 | AC13: 103.148.45.89 | AD13: {"status":"success","country":"Indonesia","countryCode":"ID","region":"JA","regionName":"Jambi","city":"Jambi City","zip":"","lat":-1.5985,"lon":103.6196,"timezone":"Asia/Jakarta","isp":"PT BUANA VISUALNET SENTRA","org":"","as":"AS139982 PT Buana Visualnet Sentra","query":"103.148.45.89"}
A14: 133562 | B14: M | C14: FU-Z1-Eng | D14: 10 | E14: 10 | F14: 10 | G14: 5 | K14: 35 | L14: Baik | M14: Sangat Baik | N14: Bergaransi dan Tidak dikenakan biaya | O14: Jelas | Z14: 21 Aug 2024 18:55 | AA14: 203901245 | AB14: Mozilla/5.0 (Linux; Android 10; K) AppleWebKit/537.36 (KHTML, like Gecko) Chrome/127.0.0.0 Mobile Safari/537.36 | AC14: 180.252.114.159 | AD14: {"status":"success","country":"Indonesia","countryCode":"ID","region":"JK","regionName":"Jakarta","city":"Jakarta","zip":"","lat":-6.2114,"lon":106.8446,"timezone":"Asia/Jakarta","isp":"PT. TELKOM INDONESIA","org":"","as":"AS7713 PT Telekomunikasi Indonesia","query":"180.252.114.159"}
A15: 133561 | B15: M | C15: FU-Z1-Eng | D15: 10 | E15: 10 | F15: 10 | G15: 5 | K15: 35 | L15: Baik | M15: Sangat Baik | N15: Bergaransi dan Tidak dikenakan biaya | O15: Jelas | Z15: 21 Aug 2024 18:54 | AA15: 203909746 | AB15: Mozilla/5.0 (X11; Linux x86_64) AppleWebKit/537.36 (KHTML, like Gecko) Chrome/127.0.0.0 Safari/537.36 | AC15: 125.165.22.48 | AD15: {"status":"success","country":"Indonesia","countryCode":"ID","region":"SU","regionName":"North Sumatra","city":"Medan","zip":"","lat":3.5847,"lon":98.6629,"timezone":"Asia/Jakarta","isp":"PT. TELKOM INDONESIA","org":"","as":"AS7713 PT Telekomunikasi Indonesia","query":"125.165.22.48"}
A16: 133560 | B16: M | C16: FU-Z1-Eng | D16: 10 | E16: 10 | F16: 10 | G16: 5 | K16: 35 | L16: Baik | M16: Sangat Baik | N16: Tidak bergaransi dan dikenakan biaya | O16: Jelas | Z16: 21 Aug 2024 18:48 | AA16: 203908162 | AB16: Mozilla/5.0 (Linux; Android 10; K) AppleWebKit/537.36 (KHTML, like Gecko) Chrome/127.0.0.0 Mobile Safari/537.36 | AC16: 114.10.43.241 | AD16: {"status":"success","country":"Indonesia","countryCode":"ID","region":"JK","regionName":"Jakarta","city":"Jakarta","zip":"","lat":-6.2114,"lon":106.8446,"timezone":"Asia/Jakarta","isp":"PT. INDOSAT Tbk","org":"IOH B2B","as":"AS4761 INDOSAT Internet Network Provider","query":"114.10.43.241"}
A17: 133559 | B17: M | C17: FU-Z1-Eng | D17: 10 | E17: 10 | F17: 10 | G17: 5 | K17: 35 | L17: Baik | M17: Sangat Baik | N17: Bergaransi dan Tidak dikenakan biaya | O17: Jelas | Z17: 21 Aug 2024 18:40 | AA17: 100890603 | AB17: Mozilla/5.0 (Linux; U; Android 11; in-id; CPH2269 Build/RP1A.200720.011) AppleWebKit/537.36 (KHTML, like Gecko) Chrome/91.0.4472.88 Mobile Safari/537.36 HeyTapBrowser/45.11.1.1 | AC17: 103.140.189.43 | AD17: {"status":"success","country":"Indonesia","countryCode":"ID","region":"LA","regionName":"Lampung","city":"Bandar Lampung","zip":"","lat":-5.4291,"lon":105.2615,"timezone":"Asia/Jakarta","isp":"PT INDONESIA TRANS NETWORK","org":"","as":"AS138881 PT INDONESIA TRANS NETWORK","query":"103.140.189.43"}
... A28: 133542 | B28: M | C28: FU-Z1-Eng | D28: 10 | E28: 10 | F28: -10 | G28: 5 | K28: 15 | L28: Baik | M28: Sangat Baik | N28: Bergaransi dan dikenakan biaya | O28: Jelas | Z28: 21 Aug 2024 16:58 | AA28: 203905676 | AB28: Mozilla/5.0 (Linux; Android 10; K) AppleWebKit/537.36 (KHTML, like Gecko) Chrome/127.0.0.0 Mobile Safari/537.36 | AC28: 103.162.141.198 | AD28: {"status":"success","country":"Indonesia","countryCode":"ID","region":"KR","regionName":"Riau Islands","city":"Batam","zip":"","lat":1.13,"lon":103.9684,"timezone":"Asia/Jakarta","isp":"PT Filltech Antar Nusa","org":"Dinas Pendidikan Provinsi Kepulauan Riau","as":"AS141083 PT Filltech Antar Nusa","query":"103.162.141.198"}
A29: 133539 | B29: M | C29: FU-Z1-Eng | D29: -10 | E29: 10 | F29: 10 | G29: 5 | K29: 15 | L29: Masih rusak (kerusakan lain) | M29: Sangat Baik | N29: Tidak bergaransi dan dikenakan biaya | O29: Jelas | S29: Instalasi awalnya | Z29: 21 Aug 2024 16:52 | AA29: 203907730 | AB29: Mozilla/5.0 (Linux; U; Android 8.1.0; in-id; CPH1901 Build/OPM1.171019.026) AppleWebKit/537.36 (KHTML, like Gecko) Chrome/91.0.4472.88 Mobile Safari/537.36 HeyTapBrowser/15.11.1.1 | AC29: 202.154.185.167 | AD29: {"status":"success","country":"Indonesia","countryCode":"ID","region":"RI","regionName":"Riau","city":"Batam","zip":"","lat":1.1568,"lon":104.047,"timezone":"Asia/Jakarta","isp":"PT SOLNET INDONESIA","org":"","as":"AS9422 PT SOLNET INDONESIA","query":"202.154.185.167"}
A30: 133538 | B30: M | C30: FU-Z1-Eng | D30: 10 | E30: 10 | F30: 10 | G30: 5 | K30: 35 | L30: Baik | M30: Sangat Baik | N30: Tidak tahu / lupa | O30: Jelas | Z30: 21 Aug 2024 16:31 | AA30: 203900339 | AB30: Mozilla/5.0 (iPhone; CPU iPhone OS 17_6_1 like Mac OS X) AppleWebKit/605.1.15 (KHTML, like Gecko) Version/17.6 Mobile/15E148 Safari/604.1 | AC30: 139.194.141.114 | AD30: {"status":"success","country":"Indonesia","countryCode":"ID","region":"JK","regionName":"Jakarta","city":"Jakarta","zip":"","lat":-6.2114,"lon":106.8446,"timezone":"Asia/Jakarta","isp":"PT. First Media","org":"Asia Pacific Network Information Centre","as":"AS23700 Linknet-Fastnet ASN","query":"139.194.141.114"}
A31: 133535 | B31: M | C31: FU-Z1-Eng | D31: 10 | E31: 10 | F31: 10 | G31: 5 | K31: 35 | L31: Baik | M31: Sangat Baik | N31: Bergaransi dan Tidak dikenakan biaya | O31: Jelas | Z31: 21 Aug 2024 16:23 | AA31: 203900431 | AB31: Mozilla/5.0 (Linux; Android 10; K) AppleWebKit/537.36 (KHTML, like Gecko) Chrome/127.0.0.0 Mobile Safari/537.36 | AC31: 182.2.144.81 | AD31: {"status":"success","country":"Indonesia","countryCode":"ID","region":"JK","regionName":"Jakarta","city":"Jakarta","zip":"","lat":-6.2114,"lon":106.8446,"timezone":"Asia/Jakarta","isp":"PT Telekomunikasi Selular Indonesia","org":"","as":"AS23693 PT. Telekomunikasi Selular","query":"182.2.144.81"}
A32: 133532 | B32: M | C32: FU-Z1-Eng | D32: 10 | E32: 10 | F32: 10 | G32: -5 | K32: 25 | L32: Baik | M32: Sangat Baik | N32: Bergaransi dan Tidak dikenakan biaya | O32: Tidak ada penjelasan | Z32: 21 Aug 2024 16:17 | AA32: 1916A2400623 | AB32: Mozilla/5.0 (X11; Linux x86_64) AppleWebKit/537.36 (KHTML, like Gecko) Safari/537.36 HeyTapBrowser/45.11.1.1 Chrome/91.0.4472.88 | AC32: 36.93.128.221 | AD32: {"status":"success","country":"Indonesia","countryCode":"ID","region":"JB","regionName":"West Java","city":"Pabuaran","zip":"","lat":-6.1754,"lon":106.3342,"timezone":"Asia/Jakarta","isp":"Telekomunikasi Indonesia","org":"HSI Indihome","as":"AS7713 PT Telekomunikasi Indonesia","query":"36.93.128.221"}
A33: 133530 | B33: M | C33: FU-Z1-Eng | D33: 10 | E33: 10 | F33: 10 | G33: 5 | K33: 35 | L33: Baik | M33: Sangat Baik | N33: Bergaransi dan Tidak dikenakan biaya | O33: Jelas | Z33: 21 Aug 2024 16:14 | AA33: 203895647 | AB33: Mozilla/5.0 (Linux; Android 10; K) AppleWebKit/537.36 (KHTML, like Gecko) Chrome/119.0.0.0 Mobile Safari/537.36 | AC33: 182.3.45.252 | AD33: {"status":"success","country":"Indonesia","countryCode":"ID","region":"JK","regionName":"Jakarta","city":"Jakarta","zip":"","lat":-6.2114,"lon":106.8446,"timezone":"Asia/Jakarta","isp":"PT Telekomunikasi Selular Indonesia","org":"","as":"AS23693 PT. Telekomunikasi Selular","query":"182.3.45.252"}
A34: 133529 | B34: M | C34: FU-Z1-Eng | D34: 10 | E34: 10 | F34: 10 | G34: 5 | K34: 35 | L34: Baik | M34: Sangat Baik | N34: Bergaransi dan Tidak dikenakan biaya | O34: Jelas | Z34: 21 Aug 2024 16:12 | AA34: 203907620 | AB34: Mozilla/5.0 (Linux; Android 10; K) AppleWebKit/537.36 (KHTML, like Gecko) Chrome/127.0.0.0 Mobile Safari/537.36 | AC34: 36.80.4.172 | AD34: {"status":"success","country":"Indonesia","countryCode":"ID","region":"SN","regionName":"South Sulawesi","city":"Makassar","zip":"","lat":-5.152,"lon":119.437,"timezone":"Asia/Makassar","isp":"PT. TELKOM INDONESIA","org":"","as":"AS7713 PT Telekomunikasi Indonesia","query":"36.80.4.172"}
A35: 133527 | B35: M | C35: FU-Z1-Eng | D35: 10 | E35: 10 | F35: 10 | G35: 5 | K35: 35 | L35: Baik | M35: Sangat Baik | N35: Bergaransi dan Tidak dikenakan biaya | O35: Jelas | Z35: 21 Aug 2024 16:05 | AA35: 100893588 | AB35: Mozilla/5.0 (Linux; Android 10; K) AppleWebKit/537.36 (KHTML, like Gecko) Chrome/127.0.0.0 Mobile Safari/537.36 | AC35: 139.195.151.247 | AD35: {"status":"success","country":"Indonesia","countryCode":"ID","region":"JI","regionName":"East Java","city":"Surabaya","zip":"","lat":-7.2484,"lon":112.7419,"timezone":"Asia/Jakarta","isp":"PT. First Media","org":"Asia Pacific Network Information Centre","as":"AS23700 Linknet-Fastnet ASN","query":"139.195.151.247"}
A36: 133524 | B36: M | C36: FU-Z1-Eng | D36: 10 | E36: 5 | F36: 10 | G36: 5 | K36: 30 | L36: Baik | M36: Baik | N36: Tidak bergaransi dan dikenakan biaya | O36: Jelas | Z36: 21 Aug 2024 15:56 | AA36: 203907538 | AB36: Mozilla/5.0 (Linux; Android 10; K) AppleWebKit/537.36 (KHTML, like Gecko) Chrome/127.0.0.0 Mobile Safari/537.36 | AC36: 120.188.64.236 | AD36: {"status":"success","country":"Indonesia","countryCode":"ID","region":"JK","regionName":"Jakarta","city":"Jakarta","zip":"","lat":-6.2114,"lon":106.8446,"timezone":"Asia/Jakarta","isp":"PT. INDOSAT Tbk","org":"","as":"AS4761 INDOSAT Internet Network Provider","query":"120.188.64.236"}
A37: 133523 | B37: M | C37: FU-Z1-Eng | D37: 10 | E37: 3 | F37: 10 | G37: 5 | K37: 28 | L37: Baik | M37: Cukup Baik | N37: Bergaransi dan Tidak dikenakan biaya | O37: Jelas | Z37: 21 Aug 2024 15:54 | AA37: 203901930 | AB37: Mozilla/5.0 (Linux; Android 10; K) AppleWebKit/537.36 (KHTML, like Gecko) SamsungBrowser/25.0 Chrome/121.0.0.0 Mobile Safari/537.36 | AC37: 182.253.56.107 | AD37: {"status":"success","country":"Indonesia","countryCode":"ID","region":"JK","regionName":"Jakarta","city":"Jakarta","zip":"","lat":-6.2114,"lon":106.8446,"timezone":"Asia/Jakarta","isp":"Biznet Metronet","org":"","as":"AS17451 BIZNET NETWORKS","query":"182.253.56.107"}
A38: 133522 | B38: M | C38: FU-Z1-Eng | D38: 10 | E38: 10 | F38: 10 | G38: 5 | K38: 35 | L38: Baik | M38: Sangat Baik | N38: Tidak bergaransi dan dikenakan biaya | O38: Jelas | Z38: 21 Aug 2024 15:53 | AA38: 203907595 | AB38: Mozilla/5.0 (Linux; Android 10; K) AppleWebKit/537.36 (KHTML, like Gecko) Chrome/127.0.0.0 Mobile Safari/537.36 | AC38: 182.2.229.212 | AD38: {"status":"success","country":"Indonesia","countryCode":"ID","region":"ST","regionName":"Central Sulawesi","city":"Palu","zip":"","lat":-0.9076,"lon":119.8681,"timezone":"Asia/Makassar","isp":"PT Telekomunikasi Selular Indonesia","org":"","as":"AS23693 PT. Telekomunikasi Selular","query":"182.2.229.212"}
A39: 133521 | B39: M | C39: FU-Z1-Eng | D39: 10 | E39: 5 | F39: -10 | G39: 5 | K39: 10 | L39: Baik | M39: Baik | N39: Bergaransi dan dikenakan biaya | O39: Jelas | Z39: 21 Aug 2024 15:50 | AA39: 100891707 | AB39: Mozilla/5.0 (Linux; Android 10; K) AppleWebKit/537.36 (KHTML, like Gecko) Chrome/127.0.0.0 Mobile Safari/537.36 | AC39: 103.47.133.64 | AD39: {"status":"success","country":"Indonesia","countryCode":"ID","region":"JK","regionName":"Jakarta","city":"Jakarta","zip":"","lat":-6.2114,"lon":106.8446,"timezone":"Asia/Jakarta","isp":"PT. Eka Mas Republik","org":"","as":"AS63859 PT. Eka Mas Republik","query":"103.47.133.64"}
A40: 133520 | B40: M | C40: FU-Z1-Eng | D40: 10 | E40: 10 | F40: -10 | G40: 5 | K40: 15 | L40: Baik | M40: Sangat Baik | N40: Bergaransi dan dikenakan biaya | O40: Jelas | Z40: 21 Aug 2024 15:49 | AA40: 203909251 | AB40: Mozilla/5.0 (Linux; Android 11; en; Infinix X688B Build/SP1A.210812.016) AppleWebKit/537.36 (KHTML, like Gecko) Chrome/103.0.5060.129 HiBrowser/v2.23.1.4 UWS/ Mobile Safari/537.36 | AC40: 103.132.41.255 | AD40: {"status":"success","country":"Indonesia","countryCode":"ID","region":"JT","regionName":"Central Java","city":"Wonosobo","zip":"","lat":-7.3587,"lon":109.9027,"timezone":"Asia/Jakarta","isp":"KALIMASADAINTISARANA","org":"PT Kalimasada Inti Sarana","as":"AS150970 PT Kalimasada Inti Sarana","query":"103.132.41.255"}
A41: 133517 | B41: M | C41: FU-Z1-Eng | D41: 10 | E41: 10 | F41: -10 | G41: 5 | K41: 15 | L41: Baik | M41: Sangat Baik | N41: Bergaransi dan dikenakan biaya | O41: Jelas | Z41: 21 Aug 2024 15:44 | AA41: 203904127 | AB41: Mozilla/5.0 (Linux; Android 10; K) AppleWebKit/537.36 (KHTML, like Gecko) Chrome/127.0.0.0 Mobile Safari/537.36 | AC41: 180.243.8.56 | AD41: {"status":"success","country":"Indonesia","countryCode":"ID","region":"JK","regionName":"Jakarta","city":"Jakarta","zip":"","lat":-6.2114,"lon":106.8446,"timezone":"Asia/Jakarta","isp":"PT. TELKOM INDONESIA","org":"","as":"AS7713 PT Telekomunikasi Indonesia","query":"180.243.8.56"}
... A62: 133490 | B62: M | C62: FU-Z1-Eng | D62: 10 | E62: 5 | F62: 10 | G62: 5 | K62: 30 | L62: Baik | M62: Baik | N62: Bergaransi dan Tidak dikenakan biaya | O62: Jelas | Z62: 21 Aug 2024 15:14 | AA62: 203907152 | AB62: Mozilla/5.0 (Linux; U; Android 13; in-id; RMX3191 Build/SP1A.210812.016) AppleWebKit/537.36 (KHTML, like Gecko) Chrome/91.0.4472.88 Mobile Safari/537.36 HeyTapBrowser/45.11.1.1 | AC62: 180.242.71.253 | AD62: {"status":"success","country":"Indonesia","countryCode":"ID","region":"JK","regionName":"Jakarta","city":"Jakarta","zip":"","lat":-6.2114,"lon":106.8446,"timezone":"Asia/Jakarta","isp":"PT. TELKOM INDONESIA","org":"","as":"AS7713 PT Telekomunikasi Indonesia","query":"180.242.71.253"}
A63: 133489 | B63: M | C63: FU-Z1-Eng | D63: -10 | E63: 3 | F63: -10 | G63: 3 | K63: -14 | L63: Masih rusak (kerusakan lain) | M63: Cukup Baik | N63: Bergaransi dan dikenakan biaya | O63: Kurang Jelas | S63: Gak jelas | Z63: 21 Aug 2024 15:14 | AA63: 203907272 | AB63: Mozilla/5.0 (iPhone; CPU iPhone OS 17_5_1 like Mac OS X) AppleWebKit/605.1.15 (KHTML, like Gecko) Version/17.5 Mobile/15E148 Safari/604.1 | AC63: 125.161.44.236 | AD63: {"status":"success","country":"Indonesia","countryCode":"ID","region":"JB","regionName":"West Java","city":"Sukabumi","zip":"","lat":-6.9214,"lon":106.9259,"timezone":"Asia/Jakarta","isp":"PT. TELKOM INDONESIA","org":"","as":"AS7713 PT Telekomunikasi Indonesia","query":"125.161.44.236"}
A64: 133488 | B64: M | C64: FU-Z1-Eng | D64: 10 | E64: 10 | F64: 10 | G64: 5 | K64: 35 | L64: Baik | M64: Sangat Baik | N64: Tidak bergaransi dan dikenakan biaya | O64: Jelas | Z64: 21 Aug 2024 15:14 | AA64: 203905018 | AB64: Mozilla/5.0 (Linux; Android 13; V2110; wv) AppleWebKit/537.36 (KHTML, like Gecko) Version/4.0 Chrome/87.0.4280.141 Mobile Safari/537.36 VivoBrowser/12.6.2.3 | AC64: 103.18.35.91 | AD64: {"status":"success","country":"Indonesia","countryCode":"ID","region":"JT","regionName":"Central Java","city":"Surakarta","zip":"","lat":-7.55611,"lon":110.832,"timezone":"Asia/Jakarta","isp":"PT. Indonesia Comnet Plus","org":"","as":"AS9341 North Korea Government","query":"103.18.35.91"}
A65: 133487 | B65: M | C65: FU-Z1-Eng | D65: 10 | E65: 5 | F65: 10 | G65: 5 | K65: 30 | L65: Baik | M65: Baik | N65: Tidak bergaransi dan dikenakan biaya | O65: Jelas | Z65: 21 Aug 2024 15:14 | AA65: 203907735 | AB65: Mozilla/5.0 (iPhone; CPU iPhone OS 17_5_1 like Mac OS X) AppleWebKit/605.1.15 (KHTML, like Gecko) Version/17.5 Mobile/15E148 Safari/604.1 | AC65: 114.122.238.184 | AD65: {"status":"success","country":"Indonesia","countryCode":"ID","region":"KI","regionName":"East Kalimantan","city":"Tana Paser","zip":"","lat":-1.9051,"lon":116.191,"timezone":"Asia/Makassar","isp":"PT Telekomunikasi Selular Indonesia","org":"","as":"AS23693 PT. Telekomunikasi Selular","query":"114.122.238.184"}
A66: 133486 | B66: M | C66: FU-Z1-Eng | D66: 10 | E66: 10 | F66: 10 | G66: 5 | K66: 35 | L66: Baik | M66: Sangat Baik | N66: Bergaransi dan Tidak dikenakan biaya | O66: Jelas | Z66: 21 Aug 2024 15:13 | AA66: 203907505 | AB66: Mozilla/5.0 (Linux; Android 10; K) AppleWebKit/537.36 (KHTML, like Gecko) Chrome/112.0.5615.136 Mobile Safari/537.36 XiaoMi/MiuiBrowser/14.13.0-gn | AC66: 101.255.140.194 | AD66: {"status":"success","country":"Indonesia","countryCode":"ID","region":"JK","regionName":"Jakarta","city":"Jakarta","zip":"","lat":-6.2114,"lon":106.8446,"timezone":"Asia/Jakarta","isp":"PT Remala Abadi","org":"","as":"AS38511 PT Remala Abadi","query":"101.255.140.194"}
A67: 133484 | B67: M | C67: FU-Z1-Eng | D67: 10 | E67: 10 | F67: 10 | G67: 5 | K67: 35 | L67: Baik | M67: Sangat Baik | N67: Bergaransi dan Tidak dikenakan biaya | O67: Jelas | Z67: 21 Aug 2024 15:13 | AA67: 100893407 | AB67: Mozilla/5.0 (Linux; Android 10; K) AppleWebKit/537.36 (KHTML, like Gecko) Chrome/127.0.0.0 Mobile Safari/537.36 | AC67: 125.165.110.131 | AD67: {"status":"success","country":"Indonesia","countryCode":"ID","region":"RI","regionName":"Riau","city":"Pekanbaru","zip":"","lat":0.5395,"lon":101.4457,"timezone":"Asia/Jakarta","isp":"PT. TELKOM INDONESIA","org":"","as":"AS7713 PT Telekomunikasi Indonesia","query":"125.165.110.131"}
A68: 133483 | B68: M | C68: FU-Z1-Eng | D68: 10 | E68: 10 | F68: 10 | G68: 5 | K68: 35 | L68: Baik | M68: Sangat Baik | N68: Tidak bergaransi dan dikenakan biaya | O68: Jelas | Z68: 21 Aug 2024 15:12 | AA68: 203900645 | AB68: Mozilla/5.0 (Linux; Android 11; 2209116AG) AppleWebKit/537.36 (KHTML, like Gecko) Chrome/97.0.4692.98 Mobile Safari/537.36 | AC68: 36.82.197.44 | AD68: {"status":"success","country":"Indonesia","countryCode":"ID","region":"KI","regionName":"East Kalimantan","city":"Balikpapan","zip":"","lat":-1.261,"lon":116.8105,"timezone":"Asia/Makassar","isp":"PT. TELKOM INDONESIA","org":"","as":"AS7713 PT Telekomunikasi Indonesia","query":"36.82.197.44"}
A69: 133482 | B69: M | C69: FU-Z1-Eng | D69: 10 | E69: -5 | F69: 10 | G69: 3 | K69: 18 | L69: Baik | M69: Kurang Baik | N69: Tidak bergaransi dan dikenakan biaya | O69: Kurang Jelas | Z69: 21 Aug 2024 15:11 | AA69: 100893627 | AB69: Mozilla/5.0 (Linux; Android 10; K) AppleWebKit/537.36 (KHTML, like Gecko) Chrome/127.0.0.0 Mobile Safari/537.36 | AC69: 182.5.9.65 | AD69: {"status":"success","country":"Indonesia","countryCode":"ID","region":"SG","regionName":"Southeast Sulawesi","city":"Kendari","zip":"","lat":-3.9755,"lon":122.5169,"timezone":"Asia/Makassar","isp":"PT Telekomunikasi Selular Indonesia","org":"","as":"AS23693 PT. Telekomunikasi Selular","query":"182.5.9.65"}
A70: 133481 | B70: M | C70: FU-Z1-Eng | D70: 10 | E70: 10 | F70: 10 | G70: 5 | K70: 35 | L70: Baik | M70: Sangat Baik | N70: Bergaransi dan Tidak dikenakan biaya | O70: Jelas | Z70: 21 Aug 2024 15:11 | AA70: 203902202 | AB70: Mozilla/5.0 (Linux; Android 10; K) AppleWebKit/537.36 (KHTML, like Gecko) Chrome/127.0.0.0 Mobile Safari/537.36 | AC70: 182.3.141.35 | AD70: {"status":"success","country":"Indonesia","countryCode":"ID","region":"KI","regionName":"East Kalimantan","city":"Samarinda","zip":"","lat":-0.4931,"lon":117.1495,"timezone":"Asia/Makassar","isp":"PT Telekomunikasi Selular Indonesia","org":"","as":"AS23693 PT. Telekomunikasi Selular","query":"182.3.141.35"}
A71: 133480 | B71: M | C71: FU-Z1-Eng | D71: 10 | E71: 5 | F71: 10 | G71: 5 | K71: 30 | L71: Baik | M71: Baik | N71: Bergaransi dan Tidak dikenakan biaya | O71: Jelas | Z71: 21 Aug 2024 15:11 | AA71: 203903396 | AB71: Mozilla/5.0 (Linux; Android 10; K) AppleWebKit/537.36 (KHTML, like Gecko) Chrome/127.0.0.0 Mobile Safari/537.36 | AC71: 140.213.217.61 | AD71: {"status":"success","country":"Indonesia","countryCode":"ID","region":"JK","regionName":"Jakarta","city":"Jakarta","zip":"","lat":-6.20876,"lon":106.846,"timezone":"Asia/Jakarta","isp":"PT Excelcomindo Pratama","org":"","as":"AS139994 PT XL Axiata Tbk","query":"140.213.217.61"}
A72: 133479 | B72: M | C72: FU-Z1-Eng | D72: 10 | E72: 10 | F72: -10 | G72: 5 | K72: 15 | L72: Baik | M72: Sangat Baik | N72: Bergaransi dan dikenakan biaya | O72: Jelas | Z72: 21 Aug 2024 15:10 | AA72: 100890510 | AB72: Mozilla/5.0 (Linux; Android 10; K) AppleWebKit/537.36 (KHTML, like Gecko) SamsungBrowser/25.0 Chrome/121.0.0.0 Mobile Safari/537.36 | AC72: 114.125.247.190 | AD72: {"status":"success","country":"Indonesia","countryCode":"ID","region":"SS","regionName":"South Sumatra","city":"Palembang","zip":"","lat":-2.9146,"lon":104.7535,"timezone":"Asia/Jakarta","isp":"PT Telekomunikasi Selular Indonesia","org":"","as":"AS23693 PT. Telekomunikasi Selular","query":"114.125.247.190"}
A73: 133478 | B73: M | C73: FU-Z1-Eng | D73: 10 | E73: 10 | F73: 10 | G73: 5 | K73: 35 | L73: Baik | M73: Sangat Baik | N73: Tidak tahu / lupa | O73: Jelas | Z73: 21 Aug 2024 15:10 | AA73: 203889749 | AB73: Mozilla/5.0 (Linux; Android 10; K) AppleWebKit/537.36 (KHTML, like Gecko) Chrome/113.0.0.0 Mobile Safari/537.36 | AC73: 114.125.104.201 | AD73: {"status":"success","country":"Indonesia","countryCode":"ID","region":"JI","regionName":"East Java","city":"Krian","zip":"","lat":-7.4104,"lon":112.579,"timezone":"Asia/Jakarta","isp":"PT Telekomunikasi Selular Indonesia","org":"","as":"AS23693 PT. Telekomunikasi Selular","query":"114.125.104.201"}
A74: 133477 | B74: M | C74: FU-Z1-Eng | D74: 10 | E74: 10 | F74: 10 | G74: 5 | K74: 35 | L74: Baik | M74: Sangat Baik | N74: Bergaransi dan Tidak dikenakan biaya | O74: Jelas | Z74: 21 Aug 2024 15:10 | AA74: 203909172 | AB74: Mozilla/5.0 (Linux; Android 10; K) AppleWebKit/537.36 (KHTML, like Gecko) Chrome/127.0.0.0 Mobile Safari/537.36 | AC74: 114.125.181.32 | AD74: {"status":"success","country":"Indonesia","countryCode":"ID","region":"SN","regionName":"South Sulawesi","city":"Makassar","zip":"","lat":-5.152,"lon":119.437,"timezone":"Asia/Makassar","isp":"PT Telekomunikasi Selular Indonesia","org":"","as":"AS23693 PT. Telekomunikasi Selular","query":"114.125.181.32"}
A75: 133476 | B75: M | C75: FU-Z1-Eng | D75: 10 | E75: 5 | F75: 10 | G75: 5 | K75: 30 | L75: Baik | M75: Baik | N75: Bergaransi dan Tidak dikenakan biaya | O75: Jelas | Z75: 21 Aug 2024 15:10 | AA75: 1106A2406760 | AB75: Mozilla/5.0 (Linux; Android 12; vivo 1915; wv) AppleWebKit/537.36 (KHTML, like Gecko) Version/4.0 Chrome/87.0.4280.141 Mobile Safari/537.36 VivoBrowser/12.6.2.4 | AC75: 182.0.215.157 | AD75: {"status":"success","country":"Indonesia","countryCode":"ID","region":"JK","regionName":"Jakarta","city":"Jakarta","zip":"","lat":-6.2114,"lon":106.8446,"timezone":"Asia/Jakarta","isp":"PT Telekomunikasi Selular Indonesia","org":"","as":"AS23693 PT. Telekomunikasi Selular","query":"182.0.215.157"}
A76: 133475 | B76: M | C76: FU-Z1-Eng | D76: -10 | E76: 10 | F76: 10 | G76: 5 | K76: 15 | L76: Masih rusak (kerusakan lain) | M76: Sangat Baik | N76: Tidak bergaransi dan dikenakan biaya | O76: Jelas | S76: Masih rusak karena pimpinan tidak melanjutkan utk perbaikanny | Z76: 21 Aug 2024 15:09 | AA76: 100890713 | AB76: Mozilla/5.0 (Linux; Android 11; SAMSUNG SM-A107F) AppleWebKit/537.36 (KHTML, like Gecko) SamsungBrowser/18.0 Chrome/99.0.4844.88 Mobile Safari/537.36 | AC76: 149.108.103.181 | AD76: {"status":"success","country":"Indonesia","countryCode":"ID","region":"JI","regionName":"East Java","city":"Surabaya","zip":"","lat":-7.2484,"lon":112.7419,"timezone":"Asia/Jakarta","isp":"Linknet-Fastnet ASN","org":"PT. Link Net Tbk","as":"AS23700 Linknet-Fastnet ASN","query":"149.108.103.181"}
A77: 133474 | B77: M | C77: FU-Z1-Eng | D77: 10 | E77: 5 | F77: 10 | G77: 5 | K77: 30 | L77: Baik | M77: Baik | N77: Bergaransi dan Tidak dikenakan biaya | O77: Jelas | Z77: 21 Aug 2024 15:09 | AA77: 100892861 | AB77: Mozilla/5.0 (Linux; Android 9; SAMSUNG SM-A207F Build/PPR1.180610.011) AppleWebKit/537.36 (KHTML, like Gecko) SamsungBrowser/9.2 Chrome/67.0.3396.87 Mobile Safari/537.36 | AC77: 114.10.129.20 | AD77: {"status":"success","country":"Indonesia","countryCode":"ID","region":"JK","regionName":"Jakarta","city":"Jakarta","zip":"","lat":-6.18012,"lon":106.821,"timezone":"Asia/Jakarta","isp":"PT. INDOSAT Tbk","org":"IOH B2B","as":"AS4761 INDOSAT Internet Network Provider","query":"114.10.129.20"}
A78: 133473 | B78: M | C78: FU-Z1-Eng | D78: 10 | E78: 5 | F78: 10 | G78: 5 | K78: 30 | L78: Baik | M78: Baik | N78: Bergaransi dan Tidak dikenakan biaya | O78: Jelas | Z78: 21 Aug 2024 15:09 | AA78: 203907625 | AB78: Mozilla/5.0 (Linux; Android 10; K) AppleWebKit/537.36 (KHTML, like Gecko) Chrome/126.0.0.0 Mobile Safari/537.36 | AC78: 182.3.141.79 | AD78: {"status":"success","country":"Indonesia","countryCode":"ID","region":"KI","regionName":"East Kalimantan","city":"Samarinda","zip":"","lat":-0.4931,"lon":117.1495,"timezone":"Asia/Makassar","isp":"PT Telekomunikasi Selular Indonesia","org":"","as":"AS23693 PT. Telekomunikasi Selular","query":"182.3.141.79"}
A79: 133472 | B79: M | C79: FU-Z1-Eng | D79: 10 | E79: 5 | F79: 10 | G79: 5 | K79: 30 | L79: Baik | M79: Baik | N79: Bergaransi dan Tidak dikenakan biaya | O79: Jelas | Z79: 21 Aug 2024 15:09 | AA79: 203909175 | AB79: Mozilla/5.0 (Linux; Android 10; K) AppleWebKit/537.36 (KHTML, like Gecko) Chrome/127.0.0.0 Mobile Safari/537.36 | AC79: 103.190.47.22 | AD79: {"status":"success","country":"Indonesia","countryCode":"ID","region":"BA","regionName":"Bali","city":"Denpasar","zip":"","lat":-8.65,"lon":115.217,"timezone":"Asia/Makassar","isp":"PT INDONESIA COMNETS PLUS","org":"","as":"AS9341 North Korea Government","query":"103.190.47.22"}
A80: 133471 | B80: M | C80: FU-Z1-Eng | D80: 10 | E80: 10 | F80: 10 | G80: 5 | K80: 35 | L80: Baik | M80: Sangat Baik | N80: Bergaransi dan Tidak dikenakan biaya | O80: Jelas | Z80: 21 Aug 2024 15:08 | AA80: 203909097 | AB80: Mozilla/5.0 (Linux; U; Android 11; in-id; CPH2239 Build/RP1A.200720.011) AppleWebKit/537.36 (KHTML, like Gecko) Chrome/91.0.4472.88 Mobile Safari/537.36 HeyTapBrowser/45.11.1.1 | AC80: 114.122.167.186 | AD80: {"status":"success","country":"Indonesia","countryCode":"ID","region":"BA","regionName":"Bali","city":"Gianyar","zip":"","lat":-8.5425,"lon":115.3296,"timezone":"Asia/Makassar","isp":"PT Telekomunikasi Selular Indonesia","org":"","as":"AS23693 PT. Telekomunikasi Selular","query":"114.122.167.186"}
A81: 133470 | B81: M | C81: FU-Z1-Eng | D81: 10 | E81: 10 | F81: 10 | G81: 5 | K81: 35 | L81: Baik | M81: Sangat Baik | N81: Bergaransi dan Tidak dikenakan biaya | O81: Jelas | Z81: 21 Aug 2024 15:08 | AA81: 203908998 | AB81: Mozilla/5.0 (Linux; Android 13; en; Infinix X6731B Build/SP1A.210812.016) AppleWebKit/537.36 (KHTML, like Gecko) Chrome/103.0.5060.129 HiBrowser/v2.24.1.3 UWS/ Mobile Safari/537.36 | AC81: 175.111.118.246 | AD81: {"status":"success","country":"Indonesia","countryCode":"ID","region":"KR","regionName":"Riau Islands","city":"Batam","zip":"","lat":1.13,"lon":103.9684,"timezone":"Asia/Jakarta","isp":"BATAM BINTAN TELEKOMUNIKASI, PT","org":"BBT","as":"AS46026 BATAM BINTAN TELEKOMUNIKASI, PT","query":"175.111.118.246"}
A82: 133468 | B82: M | C82: FU-Z1-Eng | D82: 10 | E82: 10 | F82: 10 | G82: 5 | K82: 35 | L82: Baik | M82: Sangat Baik | N82: Bergaransi dan Tidak dikenakan biaya | O82: Jelas | Z82: 21 Aug 2024 15:08 | AA82: 1100311918 | AB82: Mozilla/5.0 (Linux; Android 10; K) AppleWebKit/537.36 (KHTML, like Gecko) Chrome/127.0.0.0 Mobile Safari/537.36 | AC82: 114.125.11.215 | AD82: {"status":"success","country":"Indonesia","countryCode":"ID","region":"RI","regionName":"Riau","city":"Pekanbaru","zip":"","lat":0.5395,"lon":101.4457,"timezone":"Asia/Jakarta","isp":"PT Telekomunikasi Selular Indonesia","org":"","as":"AS23693 PT. Telekomunikasi Selular","query":"114.125.11.215"}
A83: 133467 | B83: M | C83: FU-Z1-Eng | D83: 10 | E83: 5 | F83: 10 | G83: 5 | K83: 30 | L83: Baik | M83: Baik | N83: Bergaransi dan Tidak dikenakan biaya | O83: Jelas | Z83: 21 Aug 2024 15:08 | AA83: 1100312301 | AB83: Mozilla/5.0 (Linux; Android 10; K) AppleWebKit/537.36 (KHTML, like Gecko) Chrome/127.0.0.0 Mobile Safari/537.36 | AC83: 140.213.177.202 | AD83: {"status":"success","country":"Indonesia","countryCode":"ID","region":"JK","regionName":"Jakarta","city":"Jakarta","zip":"","lat":-6.20876,"lon":106.846,"timezone":"Asia/Jakarta","isp":"PT Excelcomindo Pratama","org":"","as":"AS24203 PT XL Axiata","query":"140.213.177.202"}
A84: 133466 | B84: M | C84: FU-Z1-Eng | D84: 10 | E84: 10 | F84: -10 | G84: 5 | K84: 15 | L84: Baik | M84: Sangat Baik | N84: Bergaransi dan dikenakan biaya | O84: Jelas | Z84: 21 Aug 2024 15:08 | AA84: 203907857 | AB84: Mozilla/5.0 (Linux; Android 10; K) AppleWebKit/537.36 (KHTML, like Gecko) Chrome/127.0.0.0 Mobile Safari/537.36 | AC84: 36.73.32.206 | AD84: {"status":"success","country":"Indonesia","countryCode":"ID","region":"JT","regionName":"Central Java","city":"Purwokerto","zip":"","lat":-7.4245,"lon":109.2302,"timezone":"Asia/Jakarta","isp":"PT. TELKOM INDONESIA","org":"","as":"AS7713 PT Telekomunikasi Indonesia","query":"36.73.32.206"}
A85: 133465 | B85: M | C85: FU-Z1-Eng | D85: 10 | E85: 5 | F85: 10 | G85: 5 | K85: 30 | L85: Baik | M85: Baik | N85: Bergaransi dan Tidak dikenakan biaya | O85: Jelas | Z85: 21 Aug 2024 15:08 | AA85: 203907303 | AB85: Mozilla/5.0 (Windows NT 10.0; Win64; x64) AppleWebKit/537.36 (KHTML, like Gecko) Chrome/127.0.0.0 Safari/537.36 Edg/127.0.0.0 | AC85: 103.7.14.6 | AD85: {"status":"success","country":"Indonesia","countryCode":"ID","region":"JK","regionName":"Jakarta","city":"Jakarta","zip":"","lat":-6.1775,"lon":106.824,"timezone":"Asia/Jakarta","isp":"Kementerian Agama","org":"Kementerian Agama","as":"AS131693 Kementerian Agama (KEMENAG)","query":"103.7.14.6"}
A86: 133464 | B86: M | C86: FU-Z1-Eng | D86: 10 | E86: 10 | F86: 10 | G86: 5 | K86: 35 | L86: Baik | M86: Sangat Baik | N86: Bergaransi dan Tidak dikenakan biaya | O86: Jelas | Z86: 21 Aug 2024 15:07 | AA86: 203907119 | AB86: Mozilla/5.0 (iPhone; CPU iPhone OS 17_5_1 like Mac OS X) AppleWebKit/605.1.15 (KHTML, like Gecko) Version/17.5 Mobile/15E148 Safari/604.1 | AC86: 125.167.120.109 | AD86: {"status":"success","country":"Indonesia","countryCode":"ID","region":"SN","regionName":"South Sulawesi","city":"Makassar","zip":"","lat":-5.152,"lon":119.437,"timezone":"Asia/Makassar","isp":"PT. TELKOM INDONESIA","org":"","as":"AS7713 PT Telekomunikasi Indonesia","query":"125.167.120.109"}
A87: 133463 | B87: M | C87: FU-Z1-Eng | D87: 10 | E87: 10 | F87: 10 | G87: 5 | K87: 35 | L87: Baik | M87: Sangat Baik | N87: Tidak bergaransi dan dikenakan biaya | O87: Jelas | Z87: 21 Aug 2024 15:07 | AA87: 203907813 | AB87: Mozilla/5.0 (iPhone; CPU iPhone OS 17_6 like Mac OS X) AppleWebKit/605.1.15 (KHTML, like Gecko) CriOS/128.0.6613.34 Mobile/15E148 Safari/604.1 | AC87: 36.68.40.97 | AD87: {"status":"success","country":"Indonesia","countryCode":"ID","region":"RI","regionName":"Riau","city":"Pekanbaru","zip":"","lat":0.5395,"lon":101.4457,"timezone":"Asia/Jakarta","isp":"PT. TELKOM INDONESIA","org":"","as":"AS7713 PT Telekomunikasi Indonesia","query":"36.68.40.97"}
A88: 133462 | B88: M | C88: FU-Z1-Eng | D88: 10 | E88: 10 | F88: 10 | G88: 10 | K88: 40 | L88: Baik | M88: Sangat Baik | N88: Bergaransi dan Tidak dikenakan biaya | O88: Bergaransi dan Tidak dikenakan biaya | Z88: 21 Aug 2024 15:07 | AA88: 203891979 | AB88: Mozilla/5.0 (Linux; Android 10; K) AppleWebKit/537.36 (KHTML, like Gecko) SamsungBrowser/25.0 Chrome/121.0.0.0 Mobile Safari/537.36 | AC88: 114.122.43.173 | AD88: {"status":"success","country":"Indonesia","countryCode":"ID","region":"JK","regionName":"Jakarta","city":"Jakarta","zip":"","lat":-6.18051,"lon":106.828,"timezone":"Asia/Jakarta","isp":"PT Telekomunikasi Selular Indonesia","org":"","as":"AS23693 PT. Telekomunikasi Selular","query":"114.122.43.173"}
... A104: 133402 | B104: M | C104: FU-Z1-Eng | D104: 10 | E104: 10 | F104: 10 | G104: 5 | K104: 35 | L104: Baik | M104: Sangat Baik | N104: Bergaransi dan Tidak dikenakan biaya | O104: Jelas | Z104: 21 Aug 2024 02:37 | AA104: 1008A2402428 | AB104: Mozilla/5.0 (Linux; Android 10; K) AppleWebKit/537.36 (KHTML, like Gecko) Chrome/127.0.0.0 Mobile Safari/537.36 | AC104: 180.244.167.120 | AD104: {"status":"success","country":"Indonesia","countryCode":"ID","region":"JB","regionName":"West Java","city":"Bekasi","zip":"","lat":-6.2352,"lon":106.9922,"timezone":"Asia/Jakarta","isp":"PT. TELKOM INDONESIA","org":"","as":"AS7713 PT Telekomunikasi Indonesia","query":"180.244.167.120"}

Sheet ref
B2: OPTIONS LIST OF WEB SURVEY FILLING
B4: AC INSTALL | E4: REPAIR
B5: Q1 | E5: Q1
B6: 10 | C6: Yes, There is installation | E6: 10 | F6: Good
B7: -10 | C7: No installation from SHARP | E7: 5 | F7: Spec Under Expectation
E8: 3 | F8: Cancel High Cost
B9: Q2 | E9: -5 | F9: Cancel Part NLA
B10: 10 | C10: Good | E10: -10 | F10: Not Good
B11: 5 | C11: Spec Under Expectation
B12: -10 | C12: No | E12: Q2
E13: 10 | F13: Very Good
B14: Q3 | E14: 5 | F14: Good
B15: 10 | C15: Good | E15: 3 | F15: Average
B16: 5 | C16: Average | E16: -5 | F16: Not Fairly Good
B17: -10 | C17: Poor | E17: -10 | F17: Bad
E19: Q3 | F19: Cost
E20: 10 | F20: Appropriate with SAP / in Warranty
E21: -10 | F21: Different with SAP
E23: Q4 | F23: Explanation
E24: 5 | F24: Jelas
E25: 3 | F25: Kurang jelas
E26: -5 | F26: Tidak ada penjelasan

Sheet Z1,Z2,ZY
C2: A. Quistioner
C3: Q1
C4: Bagaimana kondisi produk Sharp Bapak / Ibu saat ini setelah diperbaiki?
C5: Baik | D5: 10 | E5: 1100304603
C6: Masih rusak (kerusakan sama) | D6: -10 | E6: 1100304602
C7: Mohon diisi dengan jenis kerusakan saat ini: | D7: -10 | E7: 1100304601
C9: Q2
C10: Bagaimana sikap serta keramahan teknisi kami?
C11: Sangat Baik | D11: 10
C12: Baik | D12: 5 | E12: 1100304601
C13: Cukup Baik | D13: 3 | E13: 1100304602
C14: Kurang Baik | D14: -5 | E14: 1100304603
C15: Tidak Baik | D15: -10 | E15: 1100304604
C16: Mohon jelaskan sikap teknisi tidak baik seperti apa?
C18: Q3
C19: Apakah Bapak/Ibu dikenakan biaya pada saat perbaikan
C20: Bergaransi dan Tidak dikenakan biaya | D20: 10
C21: Bergaransi dan dikenakan biaya | D21: -10 | E21: 1100304601
C22: Tidak bergaransi dan dikenakan biaya | D22: 10 | E22: 1100304602
C23: Tidak tahu / lupa | D23: 10 | E23: 1100304603
C25: Q4
C26: Bagaimana penjelasan yang diberikan oleh teknisi setelah perbaikan?
C27: Jelas | D27: 5 | E27: 1100304603
C28: Kurang Jelas | D28: 3 | E28: 1100304601
C29: Tidak ada penjelasan | D29: -5 | E29: 1100304602
C32: B. Report
C33: id | D33: uid | E33: pid | F33: q1 value | G33: q2 value | H33: q3 value | I33: q4 value | J33: q5 value | K33: q6 value | L33: q7 value | M33: Total | N33: q1 text | O33: q2 text | P33: q3 text | Q33: q4 text | R33: q5 text | S33: q6 text | T33: q7text | U33: q1 answer | V33: q2 answer | W33: q3 answer | X33: q4 answer | Y33: q5 answer | Z33: q6 answer | AA33: q7 answer | AB33: date | AC33: ref | AD33: browser1 | AE33: ipaddress | AF33: ipaddress_country
C34: 133584 | D34: M | E34: FU-Z1-Eng | F34: -10 | G34: 10 | H34: 10 | I34: 5 | M34: 15 | N34: Masih rusak (kerusakan sama) | O34: Sangat Baik | P34: Bergaransi dan Tidak dikenakan biaya | Q34: Jelas | AB34: 22 Aug 2024 09:51 | AC34: 100865830222 | AD34: Mozilla/5.0 (Windows NT 10.0; Win64; x64; rv:129.0) Gecko/20100101 Firefox/129.0 | AE34: 211.130.174.223 | AF34: {"status":"success","country":"Japan","countryCode":"JP","region":"13","regionName":"Tokyo","city":"Chiyoda","zip":"100-8111","lat":35.6916,"lon":139.768,"timezone":"Asia/Tokyo","isp":"SHARP","org":"Sharp Corporation","as":"AS4713 NTT Communications Corporation","query":"211.130.174.223"}
C37: C. Capture

Sheet Z0
C2: A. Quistioner
C3: Q1
C4: Apakah instalasi AC Anda telah dilakukan oleh teknisi Sharp?
C5: Ya | D5: KCP10A2400001
C6: Tidak, bukan dari Sharp | D6: KCP10A2400002 & KCP10A2400003
C8: Q2
C9: Bagaimana fungsi pendinginan AC Anda setelah diinstal?
C10: Baik / Dingin | D10: KCP10A2400001
C11: Tidak sesuai harapan | D11: KCP10A2400002
C12: Tidak baik | D12: KCP10A2400003
C14: Q3
C15: Bagaimana sikap serta keramahan teknisi kami?
C16: Baik | D16: KCP10A2400001
C17: Biasa saja | D17: KCP10A2400002
C18: Tidak baik | D18: KCP10A2400003
C20: B. Report
C21: id | D21: uid | E21: pid | F21: q1 value | G21: q2 value | H21: q3 value | I21: q4 value | J21: q5 value | K21: q6 value | L21: q7 value | M21: Total | N21: q1 text | O21: q2 text | P21: q3 text | Q21: q4 text | R21: q5 text | S21: q6 text | T21: q7text | U21: q1 answer | V21: q2 answer | W21: q3 answer | X21: q4 answer | Y21: q5 answer | Z21: q6 answer | AA21: q7 answer | AB21: date | AC21: ref | AD21: browser1 | AE21: ipaddress | AF21: ipaddress_country
C22: 133596 | D22: M | E22: FU-ACInstall | F22: -10 | G22: -10 | H22: -10 | M22: -30 | N22: Tidak, bukan dari Sharp | O22: Tidak baik | P22: Tidak baik | AB22: 22 Aug 2024 10:27 | AC22: 1106A240211999 | AD22: Mozilla/5.0 (Windows NT 10.0; Win64; x64; rv:129.0) Gecko/20100101 Firefox/129.0 | AE22: 211.130.174.223 | AF22: {"status":"success","country":"Japan","countryCode":"JP","region":"13","regionName":"Tokyo","city":"Chiyoda","zip":"100-8111","lat":35.6916,"lon":139.768,"timezone":"Asia/Tokyo","isp":"SHARP","org":"Sharp Corporation","as":"AS4713 NTT Communications Corporation","query":"211.130.174.223"}
C25: C. Capture
