Workbook

Sheet Upload
A2: PRICE LIST UPLOAD FORMAT TO CCC INFO
I3: Debut
A4: Category | B4: model | C4: specification | D4: debut | E4: price | F4: is_nla | G4: Remark | I4: Year | J4: Month | K4: string | M4: MODEL | N4: SPECIFICATION | O4: DEBUT | P4: PRICE | Q4: IS_NLA | R4: REMARK
A5: =VLOOKUP(LEFT(M5,3),Category!$G$3:$H$73,2,0) -> TELEVISION | B5: =UPPER(M5) -> 2T-C24DC1I | C5: =IF(OR(N5="",N5=0),"",N5) -> HD-Ready . DVB-T2 Ready,USB Music | D5: =IFERROR(K5,"") -> 2021-04-01 | E5: =P5 -> 1496280 | F5: =IF(O5="DISC",1,0) -> 0 | G5: =IF(R5="","",R5) | I5: =IF(YEAR(O5)=2022,2000+DAY(O5),YEAR(O5)) -> 2021 | J5: =IF(MONTH(O5)<10,"0"&MONTH(O5),MONTH(O5)) -> 04 | K5: =I5&"-"&J5&"-01" -> 2021-04-01 | M5: 2T-C24DC1I | N5: HD-Ready . DVB-T2 Ready,USB Music | O5: 44287 | P5: 1496280
A6: =VLOOKUP(LEFT(M6,3),Category!$G$3:$H$73,2,0) -> TELEVISION | B6: =UPPER(M6) -> 2T-C24DD1I | C6: =IF(OR(N6="",N6=0),"",N6) -> HD-Ready . DVB-T2 Ready,USB Movie | D6: =IFERROR(K6,"") -> 2021-04-01 | E6: =P6 -> 1509600 | F6: =IF(O6="DISC",1,0) -> 0 | G6: =IF(R6="","",R6) | I6: =IF(YEAR(O6)=2022,2000+DAY(O6),YEAR(O6)) -> 2021 | J6: =IF(MONTH(O6)<10,"0"&MONTH(O6),MONTH(O6)) -> 04 | K6: =I6&"-"&J6&"-01" -> 2021-04-01 | M6: 2T-C24DD1I | N6: HD-Ready . DVB-T2 Ready,USB Movie | O6: 44287 | P6: 1509600
A7: =VLOOKUP(LEFT(M7,3),Category!$G$3:$H$73,2,0) -> TELEVISION | B7: =UPPER(M7) -> 2T-C24DD1I-TT | C7: =IF(OR(N7="",N7=0),"",N7) -> HD-Ready . DVB-T2 Ready,USB Movie | D7: =IFERROR(K7,"") -> 2021-04-01 | E7: =P7 -> 1509600 | F7: =IF(O7="DISC",1,0) -> 0 | G7: =IF(R7="","",R7) | I7: =IF(YEAR(O7)=2022,2000+DAY(O7),YEAR(O7)) -> 2021 | J7: =IF(MONTH(O7)<10,"0"&MONTH(O7),MONTH(O7)) -> 04 | K7: =I7&"-"&J7&"-01" -> 2021-04-01 | M7: 2T-C24DD1I-TT | N7: HD-Ready . DVB-T2 Ready,USB Movie | O7: 44287 | P7: 1509600
A8: =VLOOKUP(LEFT(M8,3),Category!$G$3:$H$73,2,0) -> TELEVISION | B8: =UPPER(M8) -> 2T-C32BD1I-TG | C8: =IF(OR(N8="",N8=0),"",N8) -> HD-Ready,DVB-T2,Big sound 20W,Metal mesh design,USB movie | D8: =IFERROR(K8,"") -> 2020-02-01 | E8: =P8 -> 2435340 | F8: =IF(O8="DISC",1,0) -> 0 | G8: =IF(R8="","",R8) | I8: =IF(YEAR(O8)=2022,2000+DAY(O8),YEAR(O8)) -> 2020 | J8: =IF(MONTH(O8)<10,"0"&MONTH(O8),MONTH(O8)) -> 02 | K8: =I8&"-"&J8&"-01" -> 2020-02-01 | M8: 2T-C32BD1I-TG | N8: HD-Ready,DVB-T2,Big sound 20W,Metal mesh design,USB movie | O8: 43862 | P8: 2435340
A9: =VLOOKUP(LEFT(M9,3),Category!$G$3:$H$73,2,0) -> TELEVISION | B9: =UPPER(M9) -> 2T-C32BG1I | C9: =IF(OR(N9="",N9=0),"",N9) -> HD-ready, Android TV,Google assistant,Bluetooth audio out, azan reminder | D9: =IFERROR(K9,"") -> 2020-01-01 | E9: =P9 -> 3030300 | F9: =IF(O9="DISC",1,0) -> 0 | G9: =IF(R9="","",R9) | I9: =IF(YEAR(O9)=2022,2000+DAY(O9),YEAR(O9)) -> 2020 | J9: =IF(MONTH(O9)<10,"0"&MONTH(O9),MONTH(O9)) -> 01 | K9: =I9&"-"&J9&"-01" -> 2020-01-01 | M9: 2T-C32BG1I | N9: HD-ready, Android TV,Google assistant,Bluetooth audio out, azan reminder | O9: 43831 | P9: 3030300
A10: =VLOOKUP(LEFT(M10,3),Category!$G$3:$H$73,2,0) -> TELEVISION | B10: =UPPER(M10) -> 2T-C32DC1I | C10: =IF(OR(N10="",N10=0),"",N10) -> HD-Ready . DVB-T2 Ready,USB Music | D10: =IFERROR(K10,"") -> 2021-04-01 | E10: =P10 -> 2055720 | F10: =IF(O10="DISC",1,0) -> 0 | G10: =IF(R10="","",R10) | I10: =IF(YEAR(O10)=2022,2000+DAY(O10),YEAR(O10)) -> 2021 | J10: =IF(MONTH(O10)<10,"0"&MONTH(O10),MONTH(O10)) -> 04 | K10: =I10&"-"&J10&"-01" -> 2021-04-01 | M10: 2T-C32DC1I | N10: HD-Ready . DVB-T2 Ready,USB Music | O10: 44287 | P10: 2055720
A11: =VLOOKUP(LEFT(M11,3),Category!$G$3:$H$73,2,0) -> TELEVISION | B11: =UPPER(M11) -> 2T-C32DD1I | C11: =IF(OR(N11="",N11=0),"",N11) -> HD-Ready . DVB-T2 Ready,USB Movie | D11: =IFERROR(K11,"") -> 2021-04-01 | E11: =P11 -> 2080140 | F11: =IF(O11="DISC",1,0) -> 0 | G11: =IF(R11="","",R11) | I11: =IF(YEAR(O11)=2022,2000+DAY(O11),YEAR(O11)) -> 2021 | J11: =IF(MONTH(O11)<10,"0"&MONTH(O11),MONTH(O11)) -> 04 | K11: =I11&"-"&J11&"-01" -> 2021-04-01 | M11: 2T-C32DD1I | N11: HD-Ready . DVB-T2 Ready,USB Movie | O11: 44287 | P11: 2080140
A12: =VLOOKUP(LEFT(M12,3),Category!$G$3:$H$73,2,0) -> TELEVISION | B12: =UPPER(M12) -> 2T-C32DD1I-TT | C12: =IF(OR(N12="",N12=0),"",N12) -> HD-Ready . DVB-T2 Ready,USB Movie | D12: =IFERROR(K12,"") -> 2021-04-01 | E12: =P12 -> 2080140 | F12: =IF(O12="DISC",1,0) -> 0 | G12: =IF(R12="","",R12) | I12: =IF(YEAR(O12)=2022,2000+DAY(O12),YEAR(O12)) -> 2021 | J12: =IF(MONTH(O12)<10,"0"&MONTH(O12),MONTH(O12)) -> 04 | K12: =I12&"-"&J12&"-01" -> 2021-04-01 | M12: 2T-C32DD1I-TT | N12: HD-Ready . DVB-T2 Ready,USB Movie | O12: 44287 | P12: 2080140
A13: =VLOOKUP(LEFT(M13,3),Category!$G$3:$H$73,2,0) -> TELEVISION | B13: =UPPER(M13) -> 2T-C32DF1I | C13: =IF(OR(N13="",N13=0),"",N13) -> HD-Ready,HDR,New EasySmart,Netflix,Youtube,Apps Store,Game Mode,Mirroring | D13: =IFERROR(K13,"") -> 2001-01-01 | E13: =P13 -> 2850480 | F13: =IF(O13="DISC",1,0) -> 0 | G13: =IF(R13="","",R13) | I13: =IF(YEAR(O13)=2022,2000+DAY(O13),YEAR(O13)) -> 2001 | J13: =IF(MONTH(O13)<10,"0"&MONTH(O13),MONTH(O13)) -> 01 | K13: =I13&"-"&J13&"-01" -> 2001-01-01 | M13: 2T-C32DF1i | N13: HD-Ready,HDR,New EasySmart,Netflix,Youtube,Apps Store,Game Mode,Mirroring | O13: 44562 | P13: 2850480
A14: =VLOOKUP(LEFT(M14,3),Category!$G$3:$H$73,2,0) -> TELEVISION | B14: =UPPER(M14) -> 2T-C32EG1I | C14: =IF(OR(N14="",N14=0),"",N14) -> HD-Ready . Google TV . Kids Mode . Game Mode . Chromecast . Bluetooth Audio | D14: =IFERROR(K14,"") -> 2001-10-01 | E14: =P14 -> 3088020 | F14: =IF(O14="DISC",1,0) -> 0 | G14: =IF(R14="","",R14) | I14: =IF(YEAR(O14)=2022,2000+DAY(O14),YEAR(O14)) -> 2001 | J14: =IF(MONTH(O14)<10,"0"&MONTH(O14),MONTH(O14)) -> 10 | K14: =I14&"-"&J14&"-01" -> 2001-10-01 | M14: 2T-C32EG1I | N14: HD-Ready . Google TV . Kids Mode . Game Mode . Chromecast . Bluetooth Audio | O14: 44835 | P14: 3088020
A15: =VLOOKUP(LEFT(M15,3),Category!$G$3:$H$73,2,0) -> TELEVISION | B15: =UPPER(M15) -> 2T-C42BD1I | C15: =IF(OR(N15="",N15=0),"",N15) -> Full HD,DVB-T2,Child timer | D15: =IFERROR(K15,"") -> 2019-09-01 | E15: =P15 -> 3800640 | F15: =IF(O15="DISC",1,0) -> 0 | G15: =IF(R15="","",R15) | I15: =IF(YEAR(O15)=2022,2000+DAY(O15),YEAR(O15)) -> 2019 | J15: =IF(MONTH(O15)<10,"0"&MONTH(O15),MONTH(O15)) -> 09 | K15: =I15&"-"&J15&"-01" -> 2019-09-01 | M15: 2T-C42BD1I | N15: Full HD,DVB-T2,Child timer | O15: 43709 | P15: 3800640
A16: =VLOOKUP(LEFT(M16,3),Category!$G$3:$H$73,2,0) -> TELEVISION | B16: =UPPER(M16) -> 2T-C42BG1I | C16: =IF(OR(N16="",N16=0),"",N16) -> Full-HD, Android TV,Google assistant,Bluetooth audio out, azan reminder | D16: =IFERROR(K16,"") -> 2020-01-01 | E16: =P16 -> 4275720 | F16: =IF(O16="DISC",1,0) -> 0 | G16: =IF(R16="","",R16) | I16: =IF(YEAR(O16)=2022,2000+DAY(O16),YEAR(O16)) -> 2020 | J16: =IF(MONTH(O16)<10,"0"&MONTH(O16),MONTH(O16)) -> 01 | K16: =I16&"-"&J16&"-01" -> 2020-01-01 | M16: 2T-C42BG1I | N16: Full-HD, Android TV,Google assistant,Bluetooth audio out, azan reminder | O16: 43831 | P16: 4275720
... A150: =VLOOKUP(LEFT(M150,3),Category!$G$3:$H$73,2,0) -> AUDIO | B150: =UPPER(M150) -> CP-SW60A1 | C150: =IF(OR(N150="",N150=0),"",N150) -> Wireless bluetooth subwoofer | D150: =IFERROR(K150,"") -> 2018-10-01 | E150: =P150 -> 333000 | F150: =IF(O150="DISC",1,0) -> 0 | G150: =IF(R150="","",R150) | I150: =IF(YEAR(O150)=2022,2000+DAY(O150),YEAR(O150)) -> 2018 | J150: =IF(MONTH(O150)<10,"0"&MONTH(O150),MONTH(O150)) -> 10 | K150: =I150&"-"&J150&"-01" -> 2018-10-01 | M150: CP-SW60A1 | N150: Wireless bluetooth subwoofer | O150: 43374 | P150: 333000
A151: =VLOOKUP(LEFT(M151,3),Category!$G$3:$H$73,2,0) -> LED LIGHT | B151: =UPPER(M151) -> DL-0T13U | C151: =IF(OR(N151="",N151=0),"",N151) | D151: =IFERROR(K151,"") -> 1900-01-01 | E151: =P151 -> 293706 | F151: =IF(O151="DISC",1,0) -> 0 | G151: =IF(R151="","",R151) | I151: =IF(YEAR(O151)=2022,2000+DAY(O151),YEAR(O151)) -> 1900 | J151: =IF(MONTH(O151)<10,"0"&MONTH(O151),MONTH(O151)) -> 01 | K151: =I151&"-"&J151&"-01" -> 1900-01-01 | M151: DL-0T13U | N151: 0 | P151: 293706
A152: =VLOOKUP(LEFT(M152,3),Category!$G$3:$H$73,2,0) -> LED LIGHT | B152: =UPPER(M152) -> DL-0TC3U | C152: =IF(OR(N152="",N152=0),"",N152) | D152: =IFERROR(K152,"") -> 1900-01-01 | E152: =P152 -> 326007 | F152: =IF(O152="DISC",1,0) -> 0 | G152: =IF(R152="","",R152) | I152: =IF(YEAR(O152)=2022,2000+DAY(O152),YEAR(O152)) -> 1900 | J152: =IF(MONTH(O152)<10,"0"&MONTH(O152),MONTH(O152)) -> 01 | K152: =I152&"-"&J152&"-01" -> 1900-01-01 | M152: DL-0TC3U | N152: 0 | P152: 326007
A153: =VLOOKUP(LEFT(M153,3),Category!$G$3:$H$73,2,0) -> LED LIGHT | B153: =UPPER(M153) -> DL-T431NM | C153: =IF(OR(N153="",N153=0),"",N153) | D153: =IFERROR(K153,"") -> 1900-01-01 | E153: =P153 -> 260850 | F153: =IF(O153="DISC",1,0) -> 0 | G153: =IF(R153="","",R153) | I153: =IF(YEAR(O153)=2022,2000+DAY(O153),YEAR(O153)) -> 1900 | J153: =IF(MONTH(O153)<10,"0"&MONTH(O153),MONTH(O153)) -> 01 | K153: =I153&"-"&J153&"-01" -> 1900-01-01 | M153: DL-T431NM | N153: 0 | P153: 260850
A154: =VLOOKUP(LEFT(M154,3),Category!$G$3:$H$73,2,0) -> LED LIGHT | B154: =UPPER(M154) -> DL-YP046 | C154: =IF(OR(N154="",N154=0),"",N154) | D154: =IFERROR(K154,"") -> 1900-01-01 | E154: =P154 -> 229770 | F154: =IF(O154="DISC",1,0) -> 0 | G154: =IF(R154="","",R154) | I154: =IF(YEAR(O154)=2022,2000+DAY(O154),YEAR(O154)) -> 1900 | J154: =IF(MONTH(O154)<10,"0"&MONTH(O154),MONTH(O154)) -> 01 | K154: =I154&"-"&J154&"-01" -> 1900-01-01 | M154: DL-YP046 | N154: 0 | P154: 229770
A155: =VLOOKUP(LEFT(M155,3),Category!$G$3:$H$73,2,0) -> LED LIGHT | B155: =UPPER(M155) -> DN4A6XD474 | C155: =IF(OR(N155="",N155=0),"",N155) | D155: =IFERROR(K155,"") -> 2014-01-01 | E155: =P155 -> 144300 | F155: =IF(O155="DISC",1,0) -> 0 | G155: =IF(R155="","",R155) | I155: =IF(YEAR(O155)=2022,2000+DAY(O155),YEAR(O155)) -> 2014 | J155: =IF(MONTH(O155)<10,"0"&MONTH(O155),MONTH(O155)) -> 01 | K155: =I155&"-"&J155&"-01" -> 2014-01-01 | M155: DN4A6XD474 | N155: 0 | O155: 41653 | P155: 144300
A156: =VLOOKUP(LEFT(M156,3),Category!$G$3:$H$73,2,0) -> LED LIGHT | B156: =UPPER(M156) -> DN4A6XD475 | C156: =IF(OR(N156="",N156=0),"",N156) | D156: =IFERROR(K156,"") -> 1900-01-01 | E156: =P156 -> 177600 | F156: =IF(O156="DISC",1,0) -> 0 | G156: =IF(R156="","",R156) | I156: =IF(YEAR(O156)=2022,2000+DAY(O156),YEAR(O156)) -> 1900 | J156: =IF(MONTH(O156)<10,"0"&MONTH(O156),MONTH(O156)) -> 01 | K156: =I156&"-"&J156&"-01" -> 1900-01-01 | M156: DN4A6XD475 | N156: 0 | P156: 177600
A157: =VLOOKUP(LEFT(M157,3),Category!$G$3:$H$73,2,0) -> LED LIGHT | B157: =UPPER(M157) -> DN4A6XZ476 | C157: =IF(OR(N157="",N157=0),"",N157) | D157: =IFERROR(K157,"") -> 1900-01-01 | E157: =P157 -> 44400 | F157: =IF(O157="DISC",1,0) -> 0 | G157: =IF(R157="","",R157) | I157: =IF(YEAR(O157)=2022,2000+DAY(O157),YEAR(O157)) -> 1900 | J157: =IF(MONTH(O157)<10,"0"&MONTH(O157),MONTH(O157)) -> 01 | K157: =I157&"-"&J157&"-01" -> 1900-01-01 | M157: DN4A6XZ476 | N157: 0 | P157: 44400
A158: =VLOOKUP(LEFT(M158,3),Category!$G$3:$H$73,2,0) -> DEHUMIDIFIER | B158: =UPPER(M158) -> DW-D12A-W | C158: =IF(OR(N158="",N158=0),"",N158) -> High Density 7000, Dry Clothing Mode, Dehumidifying Capacity, Dehumidification Area, Auto Louver | D158: =IFERROR(K158,"") -> 2023-01-01 | E158: =P158 -> 3253410 | F158: =IF(O158="DISC",1,0) -> 0 | G158: =IF(R158="","",R158) | I158: =IF(YEAR(O158)=2022,2000+DAY(O158),YEAR(O158)) -> 2023 | J158: =IF(MONTH(O158)<10,"0"&MONTH(O158),MONTH(O158)) -> 01 | K158: =I158&"-"&J158&"-01" -> 2023-01-01 | M158: DW-D12A-W | N158: High Density 7000, Dry Clothing Mode, Dehumidifying Capacity, Dehumidification Area, Auto Louver | O158: 44927 | P158: 3253410
A159: =VLOOKUP(LEFT(M159,3),Category!$G$3:$H$73,2,0) -> DEHUMIDIFIER | B159: =UPPER(M159) -> DW-E16FA-W | C159: =IF(OR(N159="",N159=0),"",N159) -> High Density 7000, 2 IN 1, Dehumidifying Capacity, Dehumidification Area, Dry Clothing Mode | D159: =IFERROR(K159,"") -> 2023-01-01 | E159: =P159 -> 4689750 | F159: =IF(O159="DISC",1,0) -> 0 | G159: =IF(R159="","",R159) | I159: =IF(YEAR(O159)=2022,2000+DAY(O159),YEAR(O159)) -> 2023 | J159: =IF(MONTH(O159)<10,"0"&MONTH(O159),MONTH(O159)) -> 01 | K159: =I159&"-"&J159&"-01" -> 2023-01-01 | M159: DW-E16FA-W | N159: High Density 7000, 2 IN 1, Dehumidifying Capacity, Dehumidification Area, Dry Clothing Mode | O159: 44927 | P159: 4689750
A160: =VLOOKUP(LEFT(M160,3),Category!$G$3:$H$73,2,0) -> VACUUM CLEANER | B160: =UPPER(M160) -> EC-8305-B | C160: =IF(OR(N160="",N160=0),"",N160) -> 400 Watt, | D160: =IFERROR(K160,"") -> 2015-08-01 | E160: =P160 -> 890220 | F160: =IF(O160="DISC",1,0) -> 0 | G160: =IF(R160="","",R160) | I160: =IF(YEAR(O160)=2022,2000+DAY(O160),YEAR(O160)) -> 2015 | J160: =IF(MONTH(O160)<10,"0"&MONTH(O160),MONTH(O160)) -> 08 | K160: =I160&"-"&J160&"-01" -> 2015-08-01 | M160: EC-8305-B | N160: 400 Watt, | O160: 42217 | P160: 890220
A161: =VLOOKUP(LEFT(M161,3),Category!$G$3:$H$73,2,0) -> VACUUM CLEANER | B161: =UPPER(M161) -> EC-8305-P | C161: =IF(OR(N161="",N161=0),"",N161) -> Low Wattage 400 Watt | D161: =IFERROR(K161,"") -> 2015-08-01 | E161: =P161 -> 890220 | F161: =IF(O161="DISC",1,0) -> 0 | G161: =IF(R161="","",R161) | I161: =IF(YEAR(O161)=2022,2000+DAY(O161),YEAR(O161)) -> 2015 | J161: =IF(MONTH(O161)<10,"0"&MONTH(O161),MONTH(O161)) -> 08 | K161: =I161&"-"&J161&"-01" -> 2015-08-01 | M161: EC-8305-P | N161: Low Wattage 400 Watt | O161: 42217 | P161: 890220
A162: =VLOOKUP(LEFT(M162,3),Category!$G$3:$H$73,2,0) -> VACUUM CLEANER | B162: =UPPER(M162) -> EC-CW60 | C162: =IF(OR(N162="",N162=0),"",N162) -> Wet and Dry 600 Watt | D162: =IFERROR(K162,"") -> 2009-08-01 | E162: =P162 -> 922410 | F162: =IF(O162="DISC",1,0) -> 0 | G162: =IF(R162="","",R162) | I162: =IF(YEAR(O162)=2022,2000+DAY(O162),YEAR(O162)) -> 2009 | J162: =IF(MONTH(O162)<10,"0"&MONTH(O162),MONTH(O162)) -> 08 | K162: =I162&"-"&J162&"-01" -> 2009-08-01 | M162: EC-CW60 | N162: Wet and Dry 600 Watt | O162: 40026 | P162: 922410
A163: =VLOOKUP(LEFT(M163,3),Category!$G$3:$H$73,2,0) -> VACUUM CLEANER | B163: =UPPER(M163) -> EC-HX100Y-S | C163: =IF(OR(N163="",N163=0),"",N163) | D163: =IFERROR(K163,"") -> 2015-11-01 | E163: =P163 -> 2664000 | F163: =IF(O163="DISC",1,0) -> 0 | G163: =IF(R163="","",R163) | I163: =IF(YEAR(O163)=2022,2000+DAY(O163),YEAR(O163)) -> 2015 | J163: =IF(MONTH(O163)<10,"0"&MONTH(O163),MONTH(O163)) -> 11 | K163: =I163&"-"&J163&"-01" -> 2015-11-01 | M163: EC-HX100Y-S | N163: 0 | O163: 42309 | P163: 2664000
A164: =VLOOKUP(LEFT(M164,3),Category!$G$3:$H$73,2,0) -> VACUUM CLEANER | B164: =UPPER(M164) -> EC-NS18-BK | C164: =IF(OR(N164="",N164=0),"",N164) -> Bagless vacum cleaner,low wattage 450 watt, dry vacum cleaner, black colour | D164: =IFERROR(K164,"") -> 2017-11-01 | E164: =P164 -> 946830 | F164: =IF(O164="DISC",1,0) -> 0 | G164: =IF(R164="","",R164) | I164: =IF(YEAR(O164)=2022,2000+DAY(O164),YEAR(O164)) -> 2017 | J164: =IF(MONTH(O164)<10,"0"&MONTH(O164),MONTH(O164)) -> 11 | K164: =I164&"-"&J164&"-01" -> 2017-11-01 | M164: EC-NS18-BK | N164: Bagless vacum cleaner,low wattage 450 watt, dry vacum cleaner, black colour | O164: 43040 | P164: 946830
A165: =VLOOKUP(LEFT(M165,3),Category!$G$3:$H$73,2,0) -> VACUUM CLEANER | B165: =UPPER(M165) -> EC-NS18-RD | C165: =IF(OR(N165="",N165=0),"",N165) -> Bagless vacum cleaner,low wattage 450 watt, dry vacum cleaner, red colour | D165: =IFERROR(K165,"") -> 2017-11-01 | E165: =P165 -> 946830 | F165: =IF(O165="DISC",1,0) -> 0 | G165: =IF(R165="","",R165) | I165: =IF(YEAR(O165)=2022,2000+DAY(O165),YEAR(O165)) -> 2017 | J165: =IF(MONTH(O165)<10,"0"&MONTH(O165),MONTH(O165)) -> 11 | K165: =I165&"-"&J165&"-01" -> 2017-11-01 | M165: EC-NS18-RD | N165: Bagless vacum cleaner,low wattage 450 watt, dry vacum cleaner, red colour | O165: 43040 | P165: 946830
A166: =VLOOKUP(LEFT(M166,3),Category!$G$3:$H$73,2,0) -> VACUUM CLEANER | B166: =UPPER(M166) -> EC-SA95Y-R | C166: =IF(OR(N166="",N166=0),"",N166) -> Cordless vacuum cleaner with Mop Kit, Mopping System with water release, Detachable Battery Pack | D166: =IFERROR(K166,"") -> 2021-07-01 | E166: =P166 -> 2377620 | F166: =IF(O166="DISC",1,0) -> 0 | G166: =IF(R166="","",R166) | I166: =IF(YEAR(O166)=2022,2000+DAY(O166),YEAR(O166)) -> 2021 | J166: =IF(MONTH(O166)<10,"0"&MONTH(O166),MONTH(O166)) -> 07 | K166: =I166&"-"&J166&"-01" -> 2021-07-01 | M166: EC-SA95Y-R | N166: Cordless vacuum cleaner with Mop Kit, Mopping System with water release, Detachable Battery Pack | O166: 44378 | P166: 2377620
A167: =VLOOKUP(LEFT(M167,3),Category!$G$3:$H$73,2,0) -> SMALL HOME APPLIANCES | B167: =UPPER(M167) -> EI-N05-B | C167: =IF(OR(N167="",N167=0),"",N167) | D167: =IFERROR(K167,"") -> 2018-07-01 | E167: =P167 -> 189810 | F167: =IF(O167="DISC",1,0) -> 0 | G167: =IF(R167="","",R167) | I167: =IF(YEAR(O167)=2022,2000+DAY(O167),YEAR(O167)) -> 2018 | J167: =IF(MONTH(O167)<10,"0"&MONTH(O167),MONTH(O167)) -> 07 | K167: =I167&"-"&J167&"-01" -> 2018-07-01 | M167: EI-N05-B | N167: 0 | O167: 43282 | P167: 189810
A168: =VLOOKUP(LEFT(M168,3),Category!$G$3:$H$73,2,0) -> SMALL HOME APPLIANCES | B168: =UPPER(M168) -> EI-N05-P | C168: =IF(OR(N168="",N168=0),"",N168) | D168: =IFERROR(K168,"") -> 2018-07-01 | E168: =P168 -> 189810 | F168: =IF(O168="DISC",1,0) -> 0 | G168: =IF(R168="","",R168) | I168: =IF(YEAR(O168)=2022,2000+DAY(O168),YEAR(O168)) -> 2018 | J168: =IF(MONTH(O168)<10,"0"&MONTH(O168),MONTH(O168)) -> 07 | K168: =I168&"-"&J168&"-01" -> 2018-07-01 | M168: EI-N05-P | N168: 0 | O168: 43282 | P168: 189810
A169: =VLOOKUP(LEFT(M169,3),Category!$G$3:$H$73,2,0) -> SMALL HOME APPLIANCES | B169: =UPPER(M169) -> EI-N10-GY | C169: =IF(OR(N169="",N169=0),"",N169) -> Electric Iron (Dry), 350W | D169: =IFERROR(K169,"") -> 2001-11-01 | E169: =P169 -> 203130 | F169: =IF(O169="DISC",1,0) -> 0 | G169: =IF(R169="","",R169) | I169: =IF(YEAR(O169)=2022,2000+DAY(O169),YEAR(O169)) -> 2001 | J169: =IF(MONTH(O169)<10,"0"&MONTH(O169),MONTH(O169)) -> 11 | K169: =I169&"-"&J169&"-01" -> 2001-11-01 | M169: EI-N10-GY | N169: Electric Iron (Dry), 350W | O169: 44866 | P169: 203130
A170: =VLOOKUP(LEFT(M170,3),Category!$G$3:$H$73,2,0) -> SMALL HOME APPLIANCES | B170: =UPPER(M170) -> EI-N10-WH | C170: =IF(OR(N170="",N170=0),"",N170) -> Electric Iron (Dry), 350W | D170: =IFERROR(K170,"") -> 2001-11-01 | E170: =P170 -> 203130 | F170: =IF(O170="DISC",1,0) -> 0 | G170: =IF(R170="","",R170) | I170: =IF(YEAR(O170)=2022,2000+DAY(O170),YEAR(O170)) -> 2001 | J170: =IF(MONTH(O170)<10,"0"&MONTH(O170),MONTH(O170)) -> 11 | K170: =I170&"-"&J170&"-01" -> 2001-11-01 | M170: EI-N10-WH | N170: Electric Iron (Dry), 350W | O170: 44866 | P170: 203130
A171: =VLOOKUP(LEFT(M171,3),Category!$G$3:$H$73,2,0) -> SMALL HOME APPLIANCES | B171: =UPPER(M171) -> EJ-C20Y-RD | C171: =IF(OR(N171="",N171=0),"",N171) -> Slow juicer, power 150 W, Grinding technology | D171: =IFERROR(K171,"") -> 2017-02-01 | E171: =P171 -> 2170050 | F171: =IF(O171="DISC",1,0) -> 0 | G171: =IF(R171="","",R171) | I171: =IF(YEAR(O171)=2022,2000+DAY(O171),YEAR(O171)) -> 2017 | J171: =IF(MONTH(O171)<10,"0"&MONTH(O171),MONTH(O171)) -> 02 | K171: =I171&"-"&J171&"-01" -> 2017-02-01 | M171: EJ-C20Y-RD | N171: Slow juicer, power 150 W, Grinding technology | O171: 42767 | P171: 2170050
A172: =VLOOKUP(LEFT(M172,3),Category!$G$3:$H$73,2,0) -> SMALL HOME APPLIANCES | B172: =UPPER(M172) -> EKJ-156-BK | C172: =IF(OR(N172="",N172=0),"",N172) -> Auto lid opening function, Dry boil protection, On/off switch with indicator light, Capacity 1.5L | D172: =IFERROR(K172,"") -> 2018-05-01 | E172: =P172 -> 344100 | F172: =IF(O172="DISC",1,0) -> 0 | G172: =IF(R172="","",R172) | I172: =IF(YEAR(O172)=2022,2000+DAY(O172),YEAR(O172)) -> 2018 | J172: =IF(MONTH(O172)<10,"0"&MONTH(O172),MONTH(O172)) -> 05 | K172: =I172&"-"&J172&"-01" -> 2018-05-01 | M172: EKJ-156-BK | N172: Auto lid opening function, Dry boil protection, On/off switch with indicator light, Capacity 1.5L | O172: 43221 | P172: 344100
A173: =VLOOKUP(LEFT(M173,3),Category!$G$3:$H$73,2,0) -> SMALL HOME APPLIANCES | B173: =UPPER(M173) -> EKJ-177-BK | C173: =IF(OR(N173="",N173=0),"",N173) -> Kettle jug,Black colour,1.7 Liter,800 Watt,Double layer cool touch body | D173: =IFERROR(K173,"") -> 2020-12-01 | E173: =P173 -> 352980 | F173: =IF(O173="DISC",1,0) -> 0 | G173: =IF(R173="","",R173) | I173: =IF(YEAR(O173)=2022,2000+DAY(O173),YEAR(O173)) -> 2020 | J173: =IF(MONTH(O173)<10,"0"&MONTH(O173),MONTH(O173)) -> 12 | K173: =I173&"-"&J173&"-01" -> 2020-12-01 | M173: EKJ-177-BK | N173: Kettle jug,Black colour,1.7 Liter,800 Watt,Double layer cool touch body | O173: 44166 | P173: 352980
A174: =VLOOKUP(LEFT(M174,3),Category!$G$3:$H$73,2,0) -> SMALL HOME APPLIANCES | B174: =UPPER(M174) -> EKJ-177-WH | C174: =IF(OR(N174="",N174=0),"",N174) -> Kettle jug,White colour,1.7 Liter,800 Watt,Double layer cool touch body | D174: =IFERROR(K174,"") -> 2020-12-01 | E174: =P174 -> 352980 | F174: =IF(O174="DISC",1,0) -> 0 | G174: =IF(R174="","",R174) | I174: =IF(YEAR(O174)=2022,2000+DAY(O174),YEAR(O174)) -> 2020 | J174: =IF(MONTH(O174)<10,"0"&MONTH(O174),MONTH(O174)) -> 12 | K174: =I174&"-"&J174&"-01" -> 2020-12-01 | M174: EKJ-177-WH | N174: Kettle jug,White colour,1.7 Liter,800 Watt,Double layer cool touch body | O174: 44166 | P174: 352980
A175: =VLOOKUP(LEFT(M175,3),Category!$G$3:$H$73,2,0) -> SMALL HOME APPLIANCES | B175: =UPPER(M175) -> EKJ-178S | C175: =IF(OR(N175="",N175=0),"",N175) -> Kettle jug,Stainless body,1.7 Liter,800 Watt,with boil-dry protection | D175: =IFERROR(K175,"") -> 2020-12-01 | E175: =P175 -> 360750 | F175: =IF(O175="DISC",1,0) -> 0 | G175: =IF(R175="","",R175) | I175: =IF(YEAR(O175)=2022,2000+DAY(O175),YEAR(O175)) -> 2020 | J175: =IF(MONTH(O175)<10,"0"&MONTH(O175),MONTH(O175)) -> 12 | K175: =I175&"-"&J175&"-01" -> 2020-12-01 | M175: EKJ-178S | N175: Kettle jug,Stainless body,1.7 Liter,800 Watt,with boil-dry protection | O175: 44166 | P175: 360750
A176: =VLOOKUP(LEFT(M176,3),Category!$G$3:$H$73,2,0) -> SMALL HOME APPLIANCES | B176: =UPPER(M176) -> EM-120-WH | C176: =IF(OR(N176="",N176=0),"",N176) -> Blender, plastic jug, capacity 1.25L | D176: =IFERROR(K176,"") -> 2017-02-01 | E176: =P176 -> 377400 | F176: =IF(O176="DISC",1,0) -> 0 | G176: =IF(R176="","",R176) | I176: =IF(YEAR(O176)=2022,2000+DAY(O176),YEAR(O176)) -> 2017 | J176: =IF(MONTH(O176)<10,"0"&MONTH(O176),MONTH(O176)) -> 02 | K176: =I176&"-"&J176&"-01" -> 2017-02-01 | M176: EM-120-WH | N176: Blender, plastic jug, capacity 1.25L | O176: 42783 | P176: 377400
A177: =VLOOKUP(LEFT(M177,3),Category!$G$3:$H$73,2,0) -> SMALL HOME APPLIANCES | B177: =UPPER(M177) -> EM-121-BK | C177: =IF(OR(N177="",N177=0),"",N177) -> Blender, plastic jug, capacity 1.25L | D177: =IFERROR(K177,"") -> 2017-02-01 | E177: =P177 -> 377400 | F177: =IF(O177="DISC",1,0) -> 0 | G177: =IF(R177="","",R177) | I177: =IF(YEAR(O177)=2022,2000+DAY(O177),YEAR(O177)) -> 2017 | J177: =IF(MONTH(O177)<10,"0"&MONTH(O177),MONTH(O177)) -> 02 | K177: =I177&"-"&J177&"-01" -> 2017-02-01 | M177: EM-121-BK | N177: Blender, plastic jug, capacity 1.25L | O177: 42783 | P177: 377400
A178: =VLOOKUP(LEFT(M178,3),Category!$G$3:$H$73,2,0) -> SMALL HOME APPLIANCES | B178: =UPPER(M178) -> EM-125L(W) | C178: =IF(OR(N178="",N178=0),"",N178) -> variable speed button, Plastic jug 1000ml | D178: =IFERROR(K178,"") -> 2010-02-01 | E178: =P178 -> 436230 | F178: =IF(O178="DISC",1,0) -> 0 | G178: =IF(R178="","",R178) | I178: =IF(YEAR(O178)=2022,2000+DAY(O178),YEAR(O178)) -> 2010 | J178: =IF(MONTH(O178)<10,"0"&MONTH(O178),MONTH(O178)) -> 02 | K178: =I178&"-"&J178&"-01" -> 2010-02-01 | M178: EM-125L(W) | N178: variable speed button, Plastic jug 1000ml | O178: 40210 | P178: 436230
A179: =VLOOKUP(LEFT(M179,3),Category!$G$3:$H$73,2,0) -> SMALL HOME APPLIANCES | B179: =UPPER(M179) -> EM-151G-GY | C179: =IF(OR(N179="",N179=0),"",N179) -> Blender Glass Jug 1.5L, 350W | D179: =IFERROR(K179,"") -> 2001-11-01 | E179: =P179 -> 449550 | F179: =IF(O179="DISC",1,0) -> 0 | G179: =IF(R179="","",R179) | I179: =IF(YEAR(O179)=2022,2000+DAY(O179),YEAR(O179)) -> 2001 | J179: =IF(MONTH(O179)<10,"0"&MONTH(O179),MONTH(O179)) -> 11 | K179: =I179&"-"&J179&"-01" -> 2001-11-01 | M179: EM-151G-GY | N179: Blender Glass Jug 1.5L, 350W | O179: 44866 | P179: 449550
A180: =VLOOKUP(LEFT(M180,3),Category!$G$3:$H$73,2,0) -> SMALL HOME APPLIANCES | B180: =UPPER(M180) -> EM-151P-WH | C180: =IF(OR(N180="",N180=0),"",N180) -> Blender Plastic Jug 1.5L, 350W | D180: =IFERROR(K180,"") -> 2001-11-01 | E180: =P180 -> 424020 | F180: =IF(O180="DISC",1,0) -> 0 | G180: =IF(R180="","",R180) | I180: =IF(YEAR(O180)=2022,2000+DAY(O180),YEAR(O180)) -> 2001 | J180: =IF(MONTH(O180)<10,"0"&MONTH(O180),MONTH(O180)) -> 11 | K180: =I180&"-"&J180&"-01" -> 2001-11-01 | M180: EM-151P-WH | N180: Blender Plastic Jug 1.5L, 350W | O180: 44866 | P180: 424020
... A239: =VLOOKUP(LEFT(M239,3),Category!$G$3:$H$73,2,0) -> WASHING MACHINE | B239: =UPPER(M239) -> ES-T1490WA-RD | C239: =IF(OR(N239="",N239=0),"",N239) -> Capacity 14KG, W-Screw Pulsator, Super Aquamagic Filter, Anti Bacteria, Spin Air Dry, Color: Red | D239: =IFERROR(K239,"") -> 2017-04-01 | E239: =P239 -> 2965920 | F239: =IF(O239="DISC",1,0) -> 0 | G239: =IF(R239="","",R239) | I239: =IF(YEAR(O239)=2022,2000+DAY(O239),YEAR(O239)) -> 2017 | J239: =IF(MONTH(O239)<10,"0"&MONTH(O239),MONTH(O239)) -> 04 | K239: =I239&"-"&J239&"-01" -> 2017-04-01 | M239: ES-T1490WA-RD | N239: Capacity 14KG, W-Screw Pulsator, Super Aquamagic Filter, Anti Bacteria, Spin Air Dry, Color: Red | O239: 42826 | P239: 2965920
A240: =VLOOKUP(LEFT(M240,3),Category!$G$3:$H$73,2,0) -> WASHING MACHINE | B240: =UPPER(M240) -> ES-T65MW-BK | C240: =IF(OR(N240="",N240=0),"",N240) -> Capacity 6.5kg, Silver Magic Protection, Easy Function | D240: =IFERROR(K240,"") -> 1900-01-01 | E240: =P240 -> 1516260 | F240: =IF(O240="DISC",1,0) -> 0 | G240: =IF(R240="","",R240) | I240: =IF(YEAR(O240)=2022,2000+DAY(O240),YEAR(O240)) -> 1900 | J240: =IF(MONTH(O240)<10,"0"&MONTH(O240),MONTH(O240)) -> 01 | K240: =I240&"-"&J240&"-01" -> 1900-01-01 | M240: ES-T65MW-BK | N240: Capacity 6.5kg, Silver Magic Protection, Easy Function | P240: 1516260
A241: =VLOOKUP(LEFT(M241,3),Category!$G$3:$H$73,2,0) -> WASHING MACHINE | B241: =UPPER(M241) -> ES-T65MW-GK | C241: =IF(OR(N241="",N241=0),"",N241) -> Capacity 6.5kg, Silver Magic Protection, Easy Function | D241: =IFERROR(K241,"") -> 1900-01-01 | E241: =P241 -> 1516260 | F241: =IF(O241="DISC",1,0) -> 0 | G241: =IF(R241="","",R241) | I241: =IF(YEAR(O241)=2022,2000+DAY(O241),YEAR(O241)) -> 1900 | J241: =IF(MONTH(O241)<10,"0"&MONTH(O241),MONTH(O241)) -> 01 | K241: =I241&"-"&J241&"-01" -> 1900-01-01 | M241: ES-T65MW-GK | N241: Capacity 6.5kg, Silver Magic Protection, Easy Function | P241: 1516260
A242: =VLOOKUP(LEFT(M242,3),Category!$G$3:$H$73,2,0) -> WASHING MACHINE | B242: =UPPER(M242) -> ES-T65MW-PK | C242: =IF(OR(N242="",N242=0),"",N242) -> Capacity 6.5kg, Silver Magic Protection, Easy Function | D242: =IFERROR(K242,"") -> 1900-01-01 | E242: =P242 -> 1516260 | F242: =IF(O242="DISC",1,0) -> 0 | G242: =IF(R242="","",R242) | I242: =IF(YEAR(O242)=2022,2000+DAY(O242),YEAR(O242)) -> 1900 | J242: =IF(MONTH(O242)<10,"0"&MONTH(O242),MONTH(O242)) -> 01 | K242: =I242&"-"&J242&"-01" -> 1900-01-01 | M242: ES-T65MW-PK | N242: Capacity 6.5kg, Silver Magic Protection, Easy Function | P242: 1516260
A243: =VLOOKUP(LEFT(M243,3),Category!$G$3:$H$73,2,0) -> WASHING MACHINE | B243: =UPPER(M243) -> ES-T65NT-BL | C243: =IF(OR(N243="",N243=0),"",N243) -> Capacity 6 kg, Supersoak magic, water inlet,transparent LID | D243: =IFERROR(K243,"") -> 2019-05-01 | E243: =P243 -> 1507380 | F243: =IF(O243="DISC",1,0) -> 0 | G243: =IF(R243="","",R243) | I243: =IF(YEAR(O243)=2022,2000+DAY(O243),YEAR(O243)) -> 2019 | J243: =IF(MONTH(O243)<10,"0"&MONTH(O243),MONTH(O243)) -> 05 | K243: =I243&"-"&J243&"-01" -> 2019-05-01 | M243: ES-T65NT-BL | N243: Capacity 6 kg, Supersoak magic, water inlet,transparent LID | O243: 43586 | P243: 1507380
A244: =VLOOKUP(LEFT(M244,3),Category!$G$3:$H$73,2,0) -> WASHING MACHINE | B244: =UPPER(M244) -> ES-T65NT-GY | C244: =IF(OR(N244="",N244=0),"",N244) -> Capacity 6 kg, Supersoak magic, water inlet,transparent LID | D244: =IFERROR(K244,"") -> 2019-05-01 | E244: =P244 -> 1507380 | F244: =IF(O244="DISC",1,0) -> 0 | G244: =IF(R244="","",R244) | I244: =IF(YEAR(O244)=2022,2000+DAY(O244),YEAR(O244)) -> 2019 | J244: =IF(MONTH(O244)<10,"0"&MONTH(O244),MONTH(O244)) -> 05 | K244: =I244&"-"&J244&"-01" -> 2019-05-01 | M244: ES-T65NT-GY | N244: Capacity 6 kg, Supersoak magic, water inlet,transparent LID | O244: 43586 | P244: 1507380
A245: =VLOOKUP(LEFT(M245,3),Category!$G$3:$H$73,2,0) -> WASHING MACHINE | B245: =UPPER(M245) -> ES-T68MW-BK | C245: =IF(OR(N245="",N245=0),"",N245) -> Capacity 6.5kg, Silver Magic Protection, Easy Function | D245: =IFERROR(K245,"") -> 2011-06-01 | E245: =P245 -> 1449660 | F245: =IF(O245="DISC",1,0) -> 0 | G245: =IF(R245="","",R245) | I245: =IF(YEAR(O245)=2022,2000+DAY(O245),YEAR(O245)) -> 2011 | J245: =IF(MONTH(O245)<10,"0"&MONTH(O245),MONTH(O245)) -> 06 | K245: =I245&"-"&J245&"-01" -> 2011-06-01 | M245: ES-T68MW-BK | N245: Capacity 6.5kg, Silver Magic Protection, Easy Function | O245: 40695 | P245: 1449660
A246: =VLOOKUP(LEFT(M246,3),Category!$G$3:$H$73,2,0) -> WASHING MACHINE | B246: =UPPER(M246) -> ES-T68MW-PK | C246: =IF(OR(N246="",N246=0),"",N246) -> Capacity 6.5kg, Silver Magic Protection, Easy Function | D246: =IFERROR(K246,"") -> 2011-06-01 | E246: =P246 -> 1449660 | F246: =IF(O246="DISC",1,0) -> 0 | G246: =IF(R246="","",R246) | I246: =IF(YEAR(O246)=2022,2000+DAY(O246),YEAR(O246)) -> 2011 | J246: =IF(MONTH(O246)<10,"0"&MONTH(O246),MONTH(O246)) -> 06 | K246: =I246&"-"&J246&"-01" -> 2011-06-01 | M246: ES-T68MW-PK | N246: Capacity 6.5kg, Silver Magic Protection, Easy Function | O246: 40695 | P246: 1449660
A247: =VLOOKUP(LEFT(M247,3),Category!$G$3:$H$73,2,0) -> WASHING MACHINE | B247: =UPPER(M247) -> ES-T70MW-BL | C247: =IF(OR(N247="",N247=0),"",N247) -> Capacity 6.5kg, Silver Magic Protection, Easy Function | D247: =IFERROR(K247,"") -> 2022-03-01 | E247: =P247 -> 1542900 | F247: =IF(O247="DISC",1,0) -> 0 | G247: =IF(R247="","",R247) | I247: =IF(YEAR(O247)=2022,2000+DAY(O247),YEAR(O247)) -> 2022 | J247: =IF(MONTH(O247)<10,"0"&MONTH(O247),MONTH(O247)) -> 03 | K247: =I247&"-"&J247&"-01" -> 2022-03-01 | M247: ES-T70MW-BL | N247: Capacity 6.5kg, Silver Magic Protection, Easy Function | O247: 44642 | P247: 1542900
A248: =VLOOKUP(LEFT(M248,3),Category!$G$3:$H$73,2,0) -> WASHING MACHINE | B248: =UPPER(M248) -> ES-T70MW-LC | C248: =IF(OR(N248="",N248=0),"",N248) -> Capacity 6.5kg, Silver Magic Protection, Easy Function | D248: =IFERROR(K248,"") -> 2022-03-01 | E248: =P248 -> 1542900 | F248: =IF(O248="DISC",1,0) -> 0 | G248: =IF(R248="","",R248) | I248: =IF(YEAR(O248)=2022,2000+DAY(O248),YEAR(O248)) -> 2022 | J248: =IF(MONTH(O248)<10,"0"&MONTH(O248),MONTH(O248)) -> 03 | K248: =I248&"-"&J248&"-01" -> 2022-03-01 | M248: ES-T70MW-LC | N248: Capacity 6.5kg, Silver Magic Protection, Easy Function | O248: 44642 | P248: 1542900
A249: =VLOOKUP(LEFT(M249,3),Category!$G$3:$H$73,2,0) -> WASHING MACHINE | B249: =UPPER(M249) -> ES-T70MW-PK | C249: =IF(OR(N249="",N249=0),"",N249) -> Capacity 6.5kg, Silver Magic Protection, Easy Function | D249: =IFERROR(K249,"") -> 2022-03-01 | E249: =P249 -> 1542900 | F249: =IF(O249="DISC",1,0) -> 0 | G249: =IF(R249="","",R249) | I249: =IF(YEAR(O249)=2022,2000+DAY(O249),YEAR(O249)) -> 2022 | J249: =IF(MONTH(O249)<10,"0"&MONTH(O249),MONTH(O249)) -> 03 | K249: =I249&"-"&J249&"-01" -> 2022-03-01 | M249: ES-T70MW-PK | N249: Capacity 6.5kg, Silver Magic Protection, Easy Function | O249: 44642 | P249: 1542900
A250: =VLOOKUP(LEFT(M250,3),Category!$G$3:$H$73,2,0) -> WASHING MACHINE | B250: =UPPER(M250) -> ES-T75NT-BL | C250: =IF(OR(N250="",N250=0),"",N250) -> Capacity 7kg, Supersoak magic, water inlet,transparent LID | D250: =IFERROR(K250,"") -> 2019-05-01 | E250: =P250 -> 1652790 | F250: =IF(O250="DISC",1,0) -> 0 | G250: =IF(R250="","",R250) | I250: =IF(YEAR(O250)=2022,2000+DAY(O250),YEAR(O250)) -> 2019 | J250: =IF(MONTH(O250)<10,"0"&MONTH(O250),MONTH(O250)) -> 05 | K250: =I250&"-"&J250&"-01" -> 2019-05-01 | M250: ES-T75NT-BL | N250: Capacity 7kg, Supersoak magic, water inlet,transparent LID | O250: 43586 | P250: 1652790
A251: =VLOOKUP(LEFT(M251,3),Category!$G$3:$H$73,2,0) -> WASHING MACHINE | B251: =UPPER(M251) -> ES-T75NT-PK | C251: =IF(OR(N251="",N251=0),"",N251) -> Capacity 7kg, Supersoak magic, water inlet,transparent LID | D251: =IFERROR(K251,"") -> 2019-05-01 | E251: =P251 -> 1652790 | F251: =IF(O251="DISC",1,0) -> 0 | G251: =IF(R251="","",R251) | I251: =IF(YEAR(O251)=2022,2000+DAY(O251),YEAR(O251)) -> 2019 | J251: =IF(MONTH(O251)<10,"0"&MONTH(O251),MONTH(O251)) -> 05 | K251: =I251&"-"&J251&"-01" -> 2019-05-01 | M251: ES-T75NT-PK | N251: Capacity 7kg, Supersoak magic, water inlet,transparent LID | O251: 43586 | P251: 1652790
A252: =VLOOKUP(LEFT(M252,3),Category!$G$3:$H$73,2,0) -> WASHING MACHINE | B252: =UPPER(M252) -> ES-T77DA-BK | C252: =IF(OR(N252="",N252=0),"",N252) -> Capacity 7kg, Dolphin Pulsator, Super Big Spin, Aerodry System, Super Aquamagic Filter, Soak Magic | D252: =IFERROR(K252,"") -> 2013-09-01 | E252: =P252 -> 1923630 | F252: =IF(O252="DISC",1,0) -> 0 | G252: =IF(R252="","",R252) | I252: =IF(YEAR(O252)=2022,2000+DAY(O252),YEAR(O252)) -> 2013 | J252: =IF(MONTH(O252)<10,"0"&MONTH(O252),MONTH(O252)) -> 09 | K252: =I252&"-"&J252&"-01" -> 2013-09-01 | M252: ES-T77DA-BK | N252: Capacity 7kg, Dolphin Pulsator, Super Big Spin, Aerodry System, Super Aquamagic Filter, Soak Magic | O252: 41532 | P252: 1923630
A253: =VLOOKUP(LEFT(M253,3),Category!$G$3:$H$73,2,0) -> WASHING MACHINE | B253: =UPPER(M253) -> ES-T77DA-RK | C253: =IF(OR(N253="",N253=0),"",N253) -> Capacity 7kg, Dolphin Pulsator, Super Big Spin, Aerodry System, Super Aquamagic Filter, Soak Magic | D253: =IFERROR(K253,"") -> 2013-09-01 | E253: =P253 -> 1923630 | F253: =IF(O253="DISC",1,0) -> 0 | G253: =IF(R253="","",R253) | I253: =IF(YEAR(O253)=2022,2000+DAY(O253),YEAR(O253)) -> 2013 | J253: =IF(MONTH(O253)<10,"0"&MONTH(O253),MONTH(O253)) -> 09 | K253: =I253&"-"&J253&"-01" -> 2013-09-01 | M253: ES-T77DA-RK | N253: Capacity 7kg, Dolphin Pulsator, Super Big Spin, Aerodry System, Super Aquamagic Filter, Soak Magic | O253: 41532 | P253: 1923630
A254: =VLOOKUP(LEFT(M254,3),Category!$G$3:$H$73,2,0) -> WASHING MACHINE | B254: =UPPER(M254) -> ES-T77F-PBK | C254: =IF(OR(N254="",N254=0),"",N254) -> Capacity 7kg, Super Big Spin, Super Aquamagic Filter, Soak Magic | D254: =IFERROR(K254,"") -> 2013-09-01 | E254: =P254 -> 1859250 | F254: =IF(O254="DISC",1,0) -> 0 | G254: =IF(R254="","",R254) | I254: =IF(YEAR(O254)=2022,2000+DAY(O254),YEAR(O254)) -> 2013 | J254: =IF(MONTH(O254)<10,"0"&MONTH(O254),MONTH(O254)) -> 09 | K254: =I254&"-"&J254&"-01" -> 2013-09-01 | M254: ES-T77F-PBK | N254: Capacity 7kg, Super Big Spin, Super Aquamagic Filter, Soak Magic | O254: 41532 | P254: 1859250
... A280: =VLOOKUP(LEFT(M280,3),Category!$G$3:$H$73,2,0) -> WASHING MACHINE | B280: =UPPER(M280) -> ES-T971DM-PK | C280: =IF(OR(N280="",N280=0),"",N280) -> Capacity 9,5kg, Dolphinwave Pulsator, Super Aquamagic Filter, Water Selector, Lint Filter | D280: =IFERROR(K280,"") -> 2015-12-01 | E280: =P280 -> 2185590 | F280: =IF(O280="DISC",1,0) -> 0 | G280: =IF(R280="","",R280) | I280: =IF(YEAR(O280)=2022,2000+DAY(O280),YEAR(O280)) -> 2015 | J280: =IF(MONTH(O280)<10,"0"&MONTH(O280),MONTH(O280)) -> 12 | K280: =I280&"-"&J280&"-01" -> 2015-12-01 | M280: ES-T971DM-PK | N280: Capacity 9,5kg, Dolphinwave Pulsator, Super Aquamagic Filter, Water Selector, Lint Filter | O280: 42339 | P280: 2185590
A281: =VLOOKUP(LEFT(M281,3),Category!$G$3:$H$73,2,0) -> WASHING MACHINE | B281: =UPPER(M281) -> ES-T97CM-BL | C281: =IF(OR(N281="",N281=0),"",N281) -> Double Pulsator, Double Antibacteria (pulsator & Aqua filler), Aquamatic Filter, Low wattage | D281: =IFERROR(K281,"") -> 1900-01-01 | E281: =P281 -> 2121210 | F281: =IF(O281="DISC",1,0) -> 0 | G281: =IF(R281="","",R281) | I281: =IF(YEAR(O281)=2022,2000+DAY(O281),YEAR(O281)) -> 1900 | J281: =IF(MONTH(O281)<10,"0"&MONTH(O281),MONTH(O281)) -> 01 | K281: =I281&"-"&J281&"-01" -> 1900-01-01 | M281: ES-T97CM-BL | N281: Double Pulsator, Double Antibacteria (pulsator & Aqua filler), Aquamatic Filter, Low wattage | P281: 2121210
A282: =VLOOKUP(LEFT(M282,3),Category!$G$3:$H$73,2,0) -> WASHING MACHINE | B282: =UPPER(M282) -> ES-T99SJ-BL | C282: =IF(OR(N282="",N282=0),"",N282) -> Capacity 9kg, Super Soakmagic, Wash Motor Input 255 watt, Spin Motor Input 105 watt | D282: =IFERROR(K282,"") -> 2018-03-01 | E282: =P282 -> 2084580 | F282: =IF(O282="DISC",1,0) -> 0 | G282: =IF(R282="","",R282) | I282: =IF(YEAR(O282)=2022,2000+DAY(O282),YEAR(O282)) -> 2018 | J282: =IF(MONTH(O282)<10,"0"&MONTH(O282),MONTH(O282)) -> 03 | K282: =I282&"-"&J282&"-01" -> 2018-03-01 | M282: ES-T99SJ-BL | N282: Capacity 9kg, Super Soakmagic, Wash Motor Input 255 watt, Spin Motor Input 105 watt | O282: 43160 | P282: 2084580
A283: =VLOOKUP(LEFT(M283,3),Category!$G$3:$H$73,2,0) -> WASHING MACHINE | B283: =UPPER(M283) -> ES-T99SJ-PK | C283: =IF(OR(N283="",N283=0),"",N283) -> Capacity 9kg, Super Soakmagic, Wash Motor Input 255 watt, Spin Motor Input 105 watt | D283: =IFERROR(K283,"") -> 2018-03-01 | E283: =P283 -> 2084580 | F283: =IF(O283="DISC",1,0) -> 0 | G283: =IF(R283="","",R283) | I283: =IF(YEAR(O283)=2022,2000+DAY(O283),YEAR(O283)) -> 2018 | J283: =IF(MONTH(O283)<10,"0"&MONTH(O283),MONTH(O283)) -> 03 | K283: =I283&"-"&J283&"-01" -> 2018-03-01 | M283: ES-T99SJ-PK | N283: Capacity 9kg, Super Soakmagic, Wash Motor Input 255 watt, Spin Motor Input 105 watt | O283: 43160 | P283: 2084580
A284: =VLOOKUP(LEFT(M284,3),Category!$G$3:$H$73,2,0) -> REFRIGERATOR | B284: =UPPER(M284) -> FJ-G295N-SS | C284: =IF(OR(N284="",N284=0),"",N284) -> MEGA Freezer (239 L), Handle Grip, 10 rack & 4 door pocket, Low Voltage System, HALAL certified | D284: =IFERROR(K284,"") -> 2019-05-01 | E284: =P284 -> 4332330 | F284: =IF(O284="DISC",1,0) -> 0 | G284: =IF(R284="","",R284) | I284: =IF(YEAR(O284)=2022,2000+DAY(O284),YEAR(O284)) -> 2019 | J284: =IF(MONTH(O284)<10,"0"&MONTH(O284),MONTH(O284)) -> 05 | K284: =I284&"-"&J284&"-01" -> 2019-05-01 | M284: FJ-G295N-SS | N284: MEGA Freezer (239 L), Handle Grip, 10 rack & 4 door pocket, Low Voltage System, HALAL certified | O284: 43586 | P284: 4332330
A285: =VLOOKUP(LEFT(M285,3),Category!$G$3:$H$73,2,0) -> REFRIGERATOR | B285: =UPPER(M285) -> FJ-M189K-SS | C285: =IF(OR(N285="",N285=0),"",N285) -> MEGA Freezer (158 L) with key, 6 rack & 3 door pocket, Low Voltage System, HALAL certified | D285: =IFERROR(K285,"") -> 2015-08-01 | E285: =P285 -> 3431010 | F285: =IF(O285="DISC",1,0) -> 0 | G285: =IF(R285="","",R285) | I285: =IF(YEAR(O285)=2022,2000+DAY(O285),YEAR(O285)) -> 2015 | J285: =IF(MONTH(O285)<10,"0"&MONTH(O285),MONTH(O285)) -> 08 | K285: =I285&"-"&J285&"-01" -> 2015-08-01 | M285: FJ-M189K-SS | N285: MEGA Freezer (158 L) with key, 6 rack & 3 door pocket, Low Voltage System, HALAL certified | O285: 42217 | P285: 3431010
A286: =VLOOKUP(LEFT(M286,3),Category!$G$3:$H$73,2,0) -> REFRIGERATOR | B286: =UPPER(M286) -> FJ-M189N-SS | C286: =IF(OR(N286="",N286=0),"",N286) -> MEGA Freezer (158 L), 6 rack & 3 door pocket, Low Voltage System, HALAL certified | D286: =IFERROR(K286,"") -> 2015-01-01 | E286: =P286 -> 3398820 | F286: =IF(O286="DISC",1,0) -> 0 | G286: =IF(R286="","",R286) | I286: =IF(YEAR(O286)=2022,2000+DAY(O286),YEAR(O286)) -> 2015 | J286: =IF(MONTH(O286)<10,"0"&MONTH(O286),MONTH(O286)) -> 01 | K286: =I286&"-"&J286&"-01" -> 2015-01-01 | M286: FJ-M189N-SS | N286: MEGA Freezer (158 L), 6 rack & 3 door pocket, Low Voltage System, HALAL certified | O286: 42019 | P286: 3398820
A287: =VLOOKUP(LEFT(M287,3),Category!$G$3:$H$73,2,0) -> REFRIGERATOR | B287: =UPPER(M287) -> FJ-M195K-SS | C287: =IF(OR(N287="",N287=0),"",N287) -> MEGA Freezer (185 L) with key, 8 rack & 3 door pocket, Low Voltage System, HALAL certified | D287: =IFERROR(K287,"") -> 2015-09-01 | E287: =P287 -> 3894990 | F287: =IF(O287="DISC",1,0) -> 0 | G287: =IF(R287="","",R287) | I287: =IF(YEAR(O287)=2022,2000+DAY(O287),YEAR(O287)) -> 2015 | J287: =IF(MONTH(O287)<10,"0"&MONTH(O287),MONTH(O287)) -> 09 | K287: =I287&"-"&J287&"-01" -> 2015-09-01 | M287: FJ-M195K-SS | N287: MEGA Freezer (185 L) with key, 8 rack & 3 door pocket, Low Voltage System, HALAL certified | O287: 42248 | P287: 3894990
A288: =VLOOKUP(LEFT(M288,3),Category!$G$3:$H$73,2,0) -> REFRIGERATOR | B288: =UPPER(M288) -> FJ-M195N-SS | C288: =IF(OR(N288="",N288=0),"",N288) -> MEGA Freezer (185 L), 8 rack & 3 door pocket, Low Voltage System, HALAL certified | D288: =IFERROR(K288,"") -> 2015-01-01 | E288: =P288 -> 3858360 | F288: =IF(O288="DISC",1,0) -> 0 | G288: =IF(R288="","",R288) | I288: =IF(YEAR(O288)=2022,2000+DAY(O288),YEAR(O288)) -> 2015 | J288: =IF(MONTH(O288)<10,"0"&MONTH(O288),MONTH(O288)) -> 01 | K288: =I288&"-"&J288&"-01" -> 2015-01-01 | M288: FJ-M195N-SS | N288: MEGA Freezer (185 L), 8 rack & 3 door pocket, Low Voltage System, HALAL certified | O288: 42019 | P288: 3858360
A289: =VLOOKUP(LEFT(M289,3),Category!$G$3:$H$73,2,0) -> AIR PURIFIER | B289: =UPPER(M289) -> FP-F30Y-A | C289: =IF(OR(N289="",N289=0),"",N289) -> Coverage Area 21 m², Pre-Filter + HEPA Filter (Lifetime up to 2 years), Dust Sensor | D289: =IFERROR(K289,"") -> 2015-06-01 | E289: =P289 -> 1405260 | F289: =IF(O289="DISC",1,0) -> 0 | G289: =IF(R289="","",R289) | I289: =IF(YEAR(O289)=2022,2000+DAY(O289),YEAR(O289)) -> 2015 | J289: =IF(MONTH(O289)<10,"0"&MONTH(O289),MONTH(O289)) -> 06 | K289: =I289&"-"&J289&"-01" -> 2015-06-01 | M289: FP-F30Y-A | N289: Coverage Area 21 m², Pre-Filter + HEPA Filter (Lifetime up to 2 years), Dust Sensor | O289: 42156 | P289: 1405260
A290: =VLOOKUP(LEFT(M290,3),Category!$G$3:$H$73,2,0) -> AIR PURIFIER | B290: =UPPER(M290) -> FP-F30Y-C | C290: =IF(OR(N290="",N290=0),"",N290) -> Coverage Area 21 m², Pre-Filter + HEPA Filter (Lifetime up to 2 years), Dust Sensor | D290: =IFERROR(K290,"") -> 2015-06-01 | E290: =P290 -> 1405260 | F290: =IF(O290="DISC",1,0) -> 0 | G290: =IF(R290="","",R290) | I290: =IF(YEAR(O290)=2022,2000+DAY(O290),YEAR(O290)) -> 2015 | J290: =IF(MONTH(O290)<10,"0"&MONTH(O290),MONTH(O290)) -> 06 | K290: =I290&"-"&J290&"-01" -> 2015-06-01 | M290: FP-F30Y-C | N290: Coverage Area 21 m², Pre-Filter + HEPA Filter (Lifetime up to 2 years), Dust Sensor | O290: 42156 | P290: 1405260
A291: =VLOOKUP(LEFT(M291,3),Category!$G$3:$H$73,2,0) -> AIR PURIFIER | B291: =UPPER(M291) -> FP-F30Y-H | C291: =IF(OR(N291="",N291=0),"",N291) -> Coverage Area 21 m², Pre-Filter + HEPA Filter (Lifetime up to 2 years), Dust Sensor | D291: =IFERROR(K291,"") -> 2015-06-01 | E291: =P291 -> 1405260 | F291: =IF(O291="DISC",1,0) -> 0 | G291: =IF(R291="","",R291) | I291: =IF(YEAR(O291)=2022,2000+DAY(O291),YEAR(O291)) -> 2015 | J291: =IF(MONTH(O291)<10,"0"&MONTH(O291),MONTH(O291)) -> 06 | K291: =I291&"-"&J291&"-01" -> 2015-06-01 | M291: FP-F30Y-H | N291: Coverage Area 21 m², Pre-Filter + HEPA Filter (Lifetime up to 2 years), Dust Sensor | O291: 42156 | P291: 1405260
A292: =VLOOKUP(LEFT(M292,3),Category!$G$3:$H$73,2,0) -> AIR PURIFIER | B292: =UPPER(M292) -> FP-F40Y-T | C292: =IF(OR(N292="",N292=0),"",N292) -> Coverage Area 30 m², Pre-Filter + HEPA + Deodorizing Filter (Lifetime up to 2 years), Dust Sensor | D292: =IFERROR(K292,"") -> 2015-06-01 | E292: =P292 -> 2143410 | F292: =IF(O292="DISC",1,0) -> 0 | G292: =IF(R292="","",R292) | I292: =IF(YEAR(O292)=2022,2000+DAY(O292),YEAR(O292)) -> 2015 | J292: =IF(MONTH(O292)<10,"0"&MONTH(O292),MONTH(O292)) -> 06 | K292: =I292&"-"&J292&"-01" -> 2015-06-01 | M292: FP-F40Y-T | N292: Coverage Area 30 m², Pre-Filter + HEPA + Deodorizing Filter (Lifetime up to 2 years), Dust Sensor | O292: 42156 | P292: 2143410
A293: =VLOOKUP(LEFT(M293,3),Category!$G$3:$H$73,2,0) -> AIR PURIFIER | B293: =UPPER(M293) -> FP-F40Y-W | C293: =IF(OR(N293="",N293=0),"",N293) -> Coverage Area 30 m², Pre-Filter + HEPA + Deodorizing Filter (Lifetime up to 2 years), Dust Sensor | D293: =IFERROR(K293,"") -> 2015-06-01 | E293: =P293 -> 2143410 | F293: =IF(O293="DISC",1,0) -> 0 | G293: =IF(R293="","",R293) | I293: =IF(YEAR(O293)=2022,2000+DAY(O293),YEAR(O293)) -> 2015 | J293: =IF(MONTH(O293)<10,"0"&MONTH(O293),MONTH(O293)) -> 06 | K293: =I293&"-"&J293&"-01" -> 2015-06-01 | M293: FP-F40Y-W | N293: Coverage Area 30 m², Pre-Filter + HEPA + Deodorizing Filter (Lifetime up to 2 years), Dust Sensor | O293: 42156 | P293: 2143410
... A305: =VLOOKUP(LEFT(M305,3),Category!$G$3:$H$73,2,0) -> REFRIGERATOR | B305: =UPPER(M305) -> FRV-150X | C305: =IF(OR(N305="",N305=0),"",N305) -> BIG capacity (152 L), FAST Freezing, LED Lamp, Handle Grip & Door key, Roller caster, ANTI Rust Cabinet | D305: =IFERROR(K305,"") -> 2018-12-01 | E305: =P305 -> 3106890 | F305: =IF(O305="DISC",1,0) -> 0 | G305: =IF(R305="","",R305) | I305: =IF(YEAR(O305)=2022,2000+DAY(O305),YEAR(O305)) -> 2018 | J305: =IF(MONTH(O305)<10,"0"&MONTH(O305),MONTH(O305)) -> 12 | K305: =I305&"-"&J305&"-01" -> 2018-12-01 | M305: FRV-150X | N305: BIG capacity (152 L), FAST Freezing, LED Lamp, Handle Grip & Door key, Roller caster, ANTI Rust Cabinet | O305: 43435 | P305: 3106890
A306: =VLOOKUP(LEFT(M306,3),Category!$G$3:$H$73,2,0) -> REFRIGERATOR | B306: =UPPER(M306) -> FRV-200 | C306: =IF(OR(N306="",N306=0),"",N306) -> BIG capacity (205 L), Handle Grip & Door key, Roller caster, ANTI Rust Cabinet | D306: =IFERROR(K306,"") -> 1900-01-01 | E306: =P306 -> 3443220 | F306: =IF(O306="DISC",1,0) -> 0 | G306: =IF(R306="","",R306) | I306: =IF(YEAR(O306)=2022,2000+DAY(O306),YEAR(O306)) -> 1900 | J306: =IF(MONTH(O306)<10,"0"&MONTH(O306),MONTH(O306)) -> 01 | K306: =I306&"-"&J306&"-01" -> 1900-01-01 | M306: FRV-200 | N306: BIG capacity (205 L), Handle Grip & Door key, Roller caster, ANTI Rust Cabinet | P306: 3443220
A307: =VLOOKUP(LEFT(M307,3),Category!$G$3:$H$73,2,0) -> REFRIGERATOR | B307: =UPPER(M307) -> FRV-210X | C307: =IF(OR(N307="",N307=0),"",N307) -> BIG capacity (212 L), FAST Freezing, LED Lamp, Handle Grip & Door key, Roller caster, ANTI Rust Cabinet | D307: =IFERROR(K307,"") -> 2018-12-01 | E307: =P307 -> 3498720 | F307: =IF(O307="DISC",1,0) -> 0 | G307: =IF(R307="","",R307) | I307: =IF(YEAR(O307)=2022,2000+DAY(O307),YEAR(O307)) -> 2018 | J307: =IF(MONTH(O307)<10,"0"&MONTH(O307),MONTH(O307)) -> 12 | K307: =I307&"-"&J307&"-01" -> 2018-12-01 | M307: FRV-210X | N307: BIG capacity (212 L), FAST Freezing, LED Lamp, Handle Grip & Door key, Roller caster, ANTI Rust Cabinet | O307: 43435 | P307: 3498720
A308: =VLOOKUP(LEFT(M308,3),Category!$G$3:$H$73,2,0) -> REFRIGERATOR | B308: =UPPER(M308) -> FRV-300 | C308: =IF(OR(N308="",N308=0),"",N308) -> BIG capacity (315 L), Handle Grip & Door key, Roller caster, ANTI Rust Cabinet | D308: =IFERROR(K308,"") -> 2010-02-01 | E308: =P308 -> 3789540 | F308: =IF(O308="DISC",1,0) -> 0 | G308: =IF(R308="","",R308) | I308: =IF(YEAR(O308)=2022,2000+DAY(O308),YEAR(O308)) -> 2010 | J308: =IF(MONTH(O308)<10,"0"&MONTH(O308),MONTH(O308)) -> 02 | K308: =I308&"-"&J308&"-01" -> 2010-02-01 | M308: FRV-300 | N308: BIG capacity (315 L), Handle Grip & Door key, Roller caster, ANTI Rust Cabinet | O308: 40210 | P308: 3789540
A309: =VLOOKUP(LEFT(M309,3),Category!$G$3:$H$73,2,0) -> REFRIGERATOR | B309: =UPPER(M309) -> FRV-310X | C309: =IF(OR(N309="",N309=0),"",N309) -> BIG capacity (302 L), FAST Freezing, LED Lamp, Handle Grip & Door key, Roller caster, ANTI Rust Cabinet | D309: =IFERROR(K309,"") -> 2018-12-01 | E309: =P309 -> 3856140 | F309: =IF(O309="DISC",1,0) -> 0 | G309: =IF(R309="","",R309) | I309: =IF(YEAR(O309)=2022,2000+DAY(O309),YEAR(O309)) -> 2018 | J309: =IF(MONTH(O309)<10,"0"&MONTH(O309),MONTH(O309)) -> 12 | K309: =I309&"-"&J309&"-01" -> 2018-12-01 | M309: FRV-310X | N309: BIG capacity (302 L), FAST Freezing, LED Lamp, Handle Grip & Door key, Roller caster, ANTI Rust Cabinet | O309: 43435 | P309: 3856140
A310: =VLOOKUP(LEFT(M310,3),Category!$G$3:$H$73,2,0) -> REFRIGERATOR | B310: =UPPER(M310) -> FRW-210 | C310: =IF(OR(N310="",N310=0),"",N310) -> BIG capacity (212 L), ANTI Dew Glass Door, Roller caster, ANTI Rust Cabinet | D310: =IFERROR(K310,"") -> 2011-04-01 | E310: =P310 -> 3862800 | F310: =IF(O310="DISC",1,0) -> 0 | G310: =IF(R310="","",R310) | I310: =IF(YEAR(O310)=2022,2000+DAY(O310),YEAR(O310)) -> 2011 | J310: =IF(MONTH(O310)<10,"0"&MONTH(O310),MONTH(O310)) -> 04 | K310: =I310&"-"&J310&"-01" -> 2011-04-01 | M310: FRW-210 | N310: BIG capacity (212 L), ANTI Dew Glass Door, Roller caster, ANTI Rust Cabinet | O310: 40634 | P310: 3862800
A311: =VLOOKUP(LEFT(M311,3),Category!$G$3:$H$73,2,0) -> TELEVISION | B311: =UPPER(M311) -> FS2B2 | C311: =IF(OR(N311="",N311=0),"",N311) -> Bracket with Wheels for 4T-B60CP1X ( up to 2x2 units ) | D311: =IFERROR(K311,"") -> 2020-10-01 | E311: =P311 -> 33300000 | F311: =IF(O311="DISC",1,0) -> 0 | G311: =IF(R311="","",R311) | I311: =IF(YEAR(O311)=2022,2000+DAY(O311),YEAR(O311)) -> 2020 | J311: =IF(MONTH(O311)<10,"0"&MONTH(O311),MONTH(O311)) -> 10 | K311: =I311&"-"&J311&"-01" -> 2020-10-01 | M311: FS2B2 | N311: Bracket with Wheels for 4T-B60CP1X ( up to 2x2 units ) | O311: 44105 | P311: 33300000
A312: =VLOOKUP(LEFT(M312,3),Category!$G$3:$H$73,2,0) -> AIR PURIFIER | B312: =UPPER(M312) -> FU-A80Y-AM | C312: =IF(OR(N312="",N312=0),"",N312) -> Coverage Area 62 m², Pre-Filter + HEPA + Deodorizing Filter (Lifetime up to 2 years), Dust Sensor | D312: =IFERROR(K312,"") -> 2019-08-01 | E312: =P312 -> 3436560 | F312: =IF(O312="DISC",1,0) -> 0 | G312: =IF(R312="","",R312) | I312: =IF(YEAR(O312)=2022,2000+DAY(O312),YEAR(O312)) -> 2019 | J312: =IF(MONTH(O312)<10,"0"&MONTH(O312),MONTH(O312)) -> 08 | K312: =I312&"-"&J312&"-01" -> 2019-08-01 | M312: FU-A80Y-AM | N312: Coverage Area 62 m², Pre-Filter + HEPA + Deodorizing Filter (Lifetime up to 2 years), Dust Sensor | O312: 43678 | P312: 3436560
A313: =VLOOKUP(LEFT(M313,3),Category!$G$3:$H$73,2,0) -> AIR PURIFIER | B313: =UPPER(M313) -> FU-A80Y-N | C313: =IF(OR(N313="",N313=0),"",N313) -> Coverage Area 62 m², Pre-Filter + HEPA + Deodorizing Filter (Lifetime up to 2 years), Dust Sensor | D313: =IFERROR(K313,"") -> 2011-08-01 | E313: =P313 -> 2834940 | F313: =IF(O313="DISC",1,0) -> 0 | G313: =IF(R313="","",R313) | I313: =IF(YEAR(O313)=2022,2000+DAY(O313),YEAR(O313)) -> 2011 | J313: =IF(MONTH(O313)<10,"0"&MONTH(O313),MONTH(O313)) -> 08 | K313: =I313&"-"&J313&"-01" -> 2011-08-01 | M313: FU-A80Y-N | N313: Coverage Area 62 m², Pre-Filter + HEPA + Deodorizing Filter (Lifetime up to 2 years), Dust Sensor | O313: 40756 | P313: 2834940
A314: =VLOOKUP(LEFT(M314,3),Category!$G$3:$H$73,2,0) -> AIR PURIFIER | B314: =UPPER(M314) -> FU-A80Y-W | C314: =IF(OR(N314="",N314=0),"",N314) -> Coverage Area 62 m², Pre-Filter + HEPA + Deodorizing Filter (Lifetime up to 2 years), Dust Sensor | D314: =IFERROR(K314,"") -> 2011-08-01 | E314: =P314 -> 2834940 | F314: =IF(O314="DISC",1,0) -> 0 | G314: =IF(R314="","",R314) | I314: =IF(YEAR(O314)=2022,2000+DAY(O314),YEAR(O314)) -> 2011 | J314: =IF(MONTH(O314)<10,"0"&MONTH(O314),MONTH(O314)) -> 08 | K314: =I314&"-"&J314&"-01" -> 2011-08-01 | M314: FU-A80Y-W | N314: Coverage Area 62 m², Pre-Filter + HEPA + Deodorizing Filter (Lifetime up to 2 years), Dust Sensor | O314: 40756 | P314: 2834940
A315: =VLOOKUP(LEFT(M315,3),Category!$G$3:$H$73,2,0) -> AIR PURIFIER | B315: =UPPER(M315) -> FU-NC01-W | C315: =IF(OR(N315="",N315=0),"",N315) -> High Density 7000, Night Lamp, Coverage Area 10m2, Easy To Clean, 360o Air Flow | D315: =IFERROR(K315,"") -> 2001-06-01 | E315: =P315 -> 1563990 | F315: =IF(O315="DISC",1,0) -> 0 | G315: =IF(R315="","",R315) | I315: =IF(YEAR(O315)=2022,2000+DAY(O315),YEAR(O315)) -> 2001 | J315: =IF(MONTH(O315)<10,"0"&MONTH(O315),MONTH(O315)) -> 06 | K315: =I315&"-"&J315&"-01" -> 2001-06-01 | M315: FU-NC01-W | N315: High Density 7000, Night Lamp, Coverage Area 10m2, Easy To Clean, 360o Air Flow | O315: 44713 | P315: 1563990
A316: =VLOOKUP(LEFT(M316,3),Category!$G$3:$H$73,2,0) -> AIR PURIFIER | B316: =UPPER(M316) -> FZ-40STS | C316: =IF(OR(N316="",N316=0),"",N316) -> Single Cartridge with 3 Sticky Glue Layer (1 Glue layer for 1 month usage) | D316: =IFERROR(K316,"") -> 2015-12-01 | E316: =P316 -> 183150 | F316: =IF(O316="DISC",1,0) -> 0 | G316: =IF(R316="","",R316) | I316: =IF(YEAR(O316)=2022,2000+DAY(O316),YEAR(O316)) -> 2015 | J316: =IF(MONTH(O316)<10,"0"&MONTH(O316),MONTH(O316)) -> 12 | K316: =I316&"-"&J316&"-01" -> 2015-12-01 | M316: FZ-40STS | N316: Single Cartridge with 3 Sticky Glue Layer (1 Glue layer for 1 month usage) | O316: 42339 | P316: 183150
A317: =VLOOKUP(LEFT(M317,3),Category!$G$3:$H$73,2,0) -> AIR PURIFIER | B317: =UPPER(M317) -> FZ-A80HFU | C317: =IF(OR(N317="",N317=0),"",N317) -> HEPA Filter For FU-A80Y*, 2 Years Filter Lifetime | D317: =IFERROR(K317,"") -> 2019-09-01 | E317: =P317 -> 723720 | F317: =IF(O317="DISC",1,0) -> 0 | G317: =IF(R317="","",R317) | I317: =IF(YEAR(O317)=2022,2000+DAY(O317),YEAR(O317)) -> 2019 | J317: =IF(MONTH(O317)<10,"0"&MONTH(O317),MONTH(O317)) -> 09 | K317: =I317&"-"&J317&"-01" -> 2019-09-01 | M317: FZ-A80HFU | N317: HEPA Filter For FU-A80Y*, 2 Years Filter Lifetime | O317: 43709 | P317: 723720
A318: =VLOOKUP(LEFT(M318,3),Category!$G$3:$H$73,2,0) -> AIR PURIFIER | B318: =UPPER(M318) -> FZ-STS2M | C318: =IF(OR(N318="",N318=0),"",N318) -> Single Cartridge with 1 Sticky Glue Layer (1 Glue layer for 2 months usage) | D318: =IFERROR(K318,"") -> 2017-06-01 | E318: =P318 -> 85470 | F318: =IF(O318="DISC",1,0) -> 0 | G318: =IF(R318="","",R318) | I318: =IF(YEAR(O318)=2022,2000+DAY(O318),YEAR(O318)) -> 2017 | J318: =IF(MONTH(O318)<10,"0"&MONTH(O318),MONTH(O318)) -> 06 | K318: =I318&"-"&J318&"-01" -> 2017-06-01 | M318: FZ-STS2M | N318: Single Cartridge with 1 Sticky Glue Layer (1 Glue layer for 2 months usage) | O318: 42887 | P318: 85470
... A336: =VLOOKUP(LEFT(M336,3),Category!$G$3:$H$73,2,0) -> HAIR DRYER & STRAIGHTENER | B336: =UPPER(M336) -> IB-SD18Y-N | C336: =IF(OR(N336="",N336=0),"",N336) -> Hair Dryer . Portable Design . Hanging Loop . 400 Watt | D336: =IFERROR(K336,"") -> 2019-03-01 | E336: =P336 -> 222000 | F336: =IF(O336="DISC",1,0) -> 0 | G336: =IF(R336="","",R336) | I336: =IF(YEAR(O336)=2022,2000+DAY(O336),YEAR(O336)) -> 2019 | J336: =IF(MONTH(O336)<10,"0"&MONTH(O336),MONTH(O336)) -> 03 | K336: =I336&"-"&J336&"-01" -> 2019-03-01 | M336: IB-SD18Y-N | N336: Hair Dryer . Portable Design . Hanging Loop . 400 Watt | O336: 43525 | P336: 222000
A337: =VLOOKUP(LEFT(M337,3),Category!$G$3:$H$73,2,0) -> HAIR DRYER & STRAIGHTENER | B337: =UPPER(M337) -> IB-SD23Y-N | C337: =IF(OR(N337="",N337=0),"",N337) | D337: =IFERROR(K337,"") -> 2013-09-01 | E337: =P337 -> 263070 | F337: =IF(O337="DISC",1,0) -> 0 | G337: =IF(R337="","",R337) | I337: =IF(YEAR(O337)=2022,2000+DAY(O337),YEAR(O337)) -> 2013 | J337: =IF(MONTH(O337)<10,"0"&MONTH(O337),MONTH(O337)) -> 09 | K337: =I337&"-"&J337&"-01" -> 2013-09-01 | M337: IB-SD23Y-N | N337: 0 | O337: 41532 | P337: 263070
A338: =VLOOKUP(LEFT(M338,3),Category!$G$3:$H$73,2,0) -> HAIR DRYER & STRAIGHTENER | B338: =UPPER(M338) -> IB-SD23Y-P | C338: =IF(OR(N338="",N338=0),"",N338) | D338: =IFERROR(K338,"") -> 2013-09-01 | E338: =P338 -> 263070 | F338: =IF(O338="DISC",1,0) -> 0 | G338: =IF(R338="","",R338) | I338: =IF(YEAR(O338)=2022,2000+DAY(O338),YEAR(O338)) -> 2013 | J338: =IF(MONTH(O338)<10,"0"&MONTH(O338),MONTH(O338)) -> 09 | K338: =I338&"-"&J338&"-01" -> 2013-09-01 | M338: IB-SD23Y-P | N338: 0 | O338: 41532 | P338: 263070
A339: =VLOOKUP(LEFT(M339,3),Category!$G$3:$H$73,2,0) -> HAIR DRYER & STRAIGHTENER | B339: =UPPER(M339) -> IB-SD38Y-N | C339: =IF(OR(N339="",N339=0),"",N339) -> Hair Dryer . Nozzle Concentrator . Diffuser . 1200 Watt | D339: =IFERROR(K339,"") -> 2019-03-01 | E339: =P339 -> 327450 | F339: =IF(O339="DISC",1,0) -> 0 | G339: =IF(R339="","",R339) | I339: =IF(YEAR(O339)=2022,2000+DAY(O339),YEAR(O339)) -> 2019 | J339: =IF(MONTH(O339)<10,"0"&MONTH(O339),MONTH(O339)) -> 03 | K339: =I339&"-"&J339&"-01" -> 2019-03-01 | M339: IB-SD38Y-N | N339: Hair Dryer . Nozzle Concentrator . Diffuser . 1200 Watt | O339: 43525 | P339: 327450
A340: =VLOOKUP(LEFT(M340,3),Category!$G$3:$H$73,2,0) -> HAIR DRYER & STRAIGHTENER | B340: =UPPER(M340) -> IB-SS38Y-N | C340: =IF(OR(N340="",N340=0),"",N340) -> Hair Straightener . LED Display . Handle Lock . 32 Watt | D340: =IFERROR(K340,"") -> 2019-03-01 | E340: =P340 -> 364080 | F340: =IF(O340="DISC",1,0) -> 0 | G340: =IF(R340="","",R340) | I340: =IF(YEAR(O340)=2022,2000+DAY(O340),YEAR(O340)) -> 2019 | J340: =IF(MONTH(O340)<10,"0"&MONTH(O340),MONTH(O340)) -> 03 | K340: =I340&"-"&J340&"-01" -> 2019-03-01 | M340: IB-SS38Y-N | N340: Hair Straightener . LED Display . Handle Lock . 32 Watt | O340: 43525 | P340: 364080
A341: =VLOOKUP(LEFT(M341,3),Category!$G$3:$H$73,2,0) -> HAIR DRYER & STRAIGHTENER | B341: =UPPER(M341) -> IB-SS53Y-P | C341: =IF(OR(N341="",N341=0),"",N341) | D341: =IFERROR(K341,"") -> 2013-09-01 | E341: =P341 -> 335220 | F341: =IF(O341="DISC",1,0) -> 0 | G341: =IF(R341="","",R341) | I341: =IF(YEAR(O341)=2022,2000+DAY(O341),YEAR(O341)) -> 2013 | J341: =IF(MONTH(O341)<10,"0"&MONTH(O341),MONTH(O341)) -> 09 | K341: =I341&"-"&J341&"-01" -> 2013-09-01 | M341: IB-SS53Y-P | N341: 0 | O341: 41532 | P341: 335220
A342: =VLOOKUP(LEFT(M342,3),Category!$G$3:$H$73,2,0) -> HAIR DRYER & STRAIGHTENER | B342: =UPPER(M342) -> IB-SS58Y-N | C342: =IF(OR(N342="",N342=0),"",N342) -> Hair Straightener . LCD Display . Handle Lock . 40 - 44 Watt | D342: =IFERROR(K342,"") -> 2019-03-01 | E342: =P342 -> 421800 | F342: =IF(O342="DISC",1,0) -> 0 | G342: =IF(R342="","",R342) | I342: =IF(YEAR(O342)=2022,2000+DAY(O342),YEAR(O342)) -> 2019 | J342: =IF(MONTH(O342)<10,"0"&MONTH(O342),MONTH(O342)) -> 03 | K342: =I342&"-"&J342&"-01" -> 2019-03-01 | M342: IB-SS58Y-N | N342: Hair Straightener . LCD Display . Handle Lock . 40 - 44 Watt | O342: 43525 | P342: 421800
A343: =VLOOKUP(LEFT(M343,3),Category!$G$3:$H$73,2,0) -> AIR PURIFIER | B343: =UPPER(M343) -> IG-GC2Y-B | C343: =IF(OR(N343="",N343=0),"",N343) -> Coverage Area 3.6 m?, PCI HD 25,000, Dual USB Port, Dual Usage (car or office/home usage), Micro Particle Pre-Filter, Turbo Function (30% faster Odor elimination). | D343: =IFERROR(K343,"") -> 2015-07-01 | E343: =P343 -> 1438560 | F343: =IF(O343="DISC",1,0) -> 0 | G343: =IF(R343="","",R343) | I343: =IF(YEAR(O343)=2022,2000+DAY(O343),YEAR(O343)) -> 2015 | J343: =IF(MONTH(O343)<10,"0"&MONTH(O343),MONTH(O343)) -> 07 | K343: =I343&"-"&J343&"-01" -> 2015-07-01 | M343: IG-GC2Y-B | N343: Coverage Area 3.6 m?, PCI HD 25,000, Dual USB Port, Dual Usage (car or office/home usage), Micro Particle Pre-Filter, Turbo Function (30% faster Odor elimination). | O343: 42200 | P343: 1438560
A344: =VLOOKUP(LEFT(M344,3),Category!$G$3:$H$73,2,0) -> AIR PURIFIER | B344: =UPPER(M344) -> IG-GC2Y-N | C344: =IF(OR(N344="",N344=0),"",N344) -> Coverage Area 3.6 m?, PCI HD 25,000, Dual USB Port, Dual Usage (car or office/home usage), Micro Particle Pre-Filter, Turbo Function (30% faster Odor elimination). | D344: =IFERROR(K344,"") -> 2015-07-01 | E344: =P344 -> 1438560 | F344: =IF(O344="DISC",1,0) -> 0 | G344: =IF(R344="","",R344) | I344: =IF(YEAR(O344)=2022,2000+DAY(O344),YEAR(O344)) -> 2015 | J344: =IF(MONTH(O344)<10,"0"&MONTH(O344),MONTH(O344)) -> 07 | K344: =I344&"-"&J344&"-01" -> 2015-07-01 | M344: IG-GC2Y-N | N344: Coverage Area 3.6 m?, PCI HD 25,000, Dual USB Port, Dual Usage (car or office/home usage), Micro Particle Pre-Filter, Turbo Function (30% faster Odor elimination). | O344: 42200 | P344: 1438560
A345: =VLOOKUP(LEFT(M345,3),Category!$G$3:$H$73,2,0) -> AIR PURIFIER | B345: =UPPER(M345) -> IG-GC2Y-P | C345: =IF(OR(N345="",N345=0),"",N345) -> Coverage Area 3.6 m?, PCI HD 25,000, Dual USB Port, Dual Usage (car or office/home usage), Micro Particle Pre-Filter, Turbo Function (30% faster Odor elimination). | D345: =IFERROR(K345,"") -> 2015-07-01 | E345: =P345 -> 1438560 | F345: =IF(O345="DISC",1,0) -> 0 | G345: =IF(R345="","",R345) | I345: =IF(YEAR(O345)=2022,2000+DAY(O345),YEAR(O345)) -> 2015 | J345: =IF(MONTH(O345)<10,"0"&MONTH(O345),MONTH(O345)) -> 07 | K345: =I345&"-"&J345&"-01" -> 2015-07-01 | M345: IG-GC2Y-P | N345: Coverage Area 3.6 m?, PCI HD 25,000, Dual USB Port, Dual Usage (car or office/home usage), Micro Particle Pre-Filter, Turbo Function (30% faster Odor elimination). | O345: 42200 | P345: 1438560
...

Sheet Category
B2: MODEL | C2: BEGINNING | D2: CATEGORY | G2: BEGINNING | H2: CATEGORY
B3: 2T-C24CB3I-BK | C3: =LEFT(B3,3) -> 2T- | D3: TELEVISION | G3: 2T- | H3: TELEVISION
B4: 2T-C24DC1I | C4: =LEFT(B4,3) -> 2T- | D4: TELEVISION | G4: 4T- | H4: TELEVISION
B5: 2T-C24DD1I | C5: =LEFT(B5,3) -> 2T- | D5: TELEVISION | G5: 8T- | H5: TELEVISION
B6: 2T-C24DD1I-TT | C6: =LEFT(B6,3) -> 2T- | D6: TELEVISION | G6: AH- | H6: AIR CONDITIONER
B7: 2T-C32BB1I-TB | C7: =LEFT(B7,3) -> 2T- | D7: TELEVISION | G7: AN- | H7: AUDIO
B8: 2T-C32BD1I-TG | C8: =LEFT(B8,3) -> 2T- | D8: TELEVISION | G8: AX- | H8: HEALSIO WATER OVEN
B9: 2T-C32BG1I | C9: =LEFT(B9,3) -> 2T- | D9: TELEVISION | G9: BC- | H9: BICYCLE
B10: 2T-C32DC1I | C10: =LEFT(B10,3) -> 2T- | D10: TELEVISION | G10: CBO | H10: AUDIO
B11: 2T-C32DD1I | C11: =LEFT(B11,3) -> 2T- | D11: TELEVISION | G11: CP- | H11: AUDIO
B12: 2T-C32DD1I-TT | C12: =LEFT(B12,3) -> 2T- | D12: TELEVISION | G12: CV- | H12: AIR CONDITIONER
B13: 2T-C32DF1i | C13: =LEFT(B13,3) -> 2T- | D13: TELEVISION | G13: DL- | H13: LED LIGHT
B14: 2T-C42BB1I | C14: =LEFT(B14,3) -> 2T- | D14: TELEVISION | G14: DN4 | H14: LED LIGHT
... B73: AH-XP10UHY | C73: =LEFT(B73,3) -> AH- | D73: AIR CONDITIONER | G73: SWD | H73: WATER DISPENSER
B74: AH-XP10VXY | C74: =LEFT(B74,3) -> AH- | D74: AIR CONDITIONER
B75: AH-XP10YHY | C75: =LEFT(B75,3) -> AH- | D75: AIR CONDITIONER
B76: AH-XP13VXY | C76: =LEFT(B76,3) -> AH- | D76: AIR CONDITIONER
B77: AH-XP13YHY | C77: =LEFT(B77,3) -> AH- | D77: AIR CONDITIONER
B78: AH-XP6UHY | C78: =LEFT(B78,3) -> AH- | D78: AIR CONDITIONER
B79: AH-XP6YHY | C79: =LEFT(B79,3) -> AH- | D79: AIR CONDITIONER
B80: AN-SS2(BK) | C80: =LEFT(B80,3) -> AN- | D80: AUDIO
B81: AN-SS2(WH) | C81: =LEFT(B81,3) -> AN- | D81: AUDIO
B82: AN-SS2M(BK) | C82: =LEFT(B82,3) -> AN- | D82: AUDIO
B83: AN-SS2M(WH) | C83: =LEFT(B83,3) -> AN- | D83: AUDIO
B84: AX-1500IN(R) | C84: =LEFT(B84,3) -> AX- | D84: HEALSIO WATER OVEN
B85: AX-1700IN(R) | C85: =LEFT(B85,3) -> AX- | D85: HEALSIO WATER OVEN
... B526: SWD-88EHL-SL | C526: =LEFT(B526,3) -> SWD | D526: WATER DISPENSER
